trade_date,0
2015-12-18,-0.1393414500609818
2015-12-21,-0.010513878682577733
2015-12-22,-0.10192444609709307
2015-12-23,-0.09036013060250783
2015-12-24,-0.011891144668995227
2015-12-25,-0.01102629822181322
2015-12-28,-0.009589261621366701
2015-12-29,0.16041073837863323
2015-12-30,0.031866824231901444
2015-12-31,-0.006192950409354735
2016-01-04,-0.1388707433211442
2016-01-05,-0.09070273903857091
2016-01-06,0.06739033703078068
2016-01-07,-0.09034108134968624
2016-01-08,-0.17883744189304718
2016-01-11,-0.012482384075081336
2016-01-12,0.02735703560268444
2016-01-13,-0.04924665318530365
2016-01-14,-0.00921335175720652
2016-01-15,-0.050307779921589114
2016-01-18,-0.34993187005743054
2016-01-19,0.23678004837187383
2016-01-20,-0.22355536444787016
2016-01-21,-0.21689721653430244
2016-01-22,-0.14516017698686995
2016-01-25,0.4555250398852559
2016-01-26,0.07210120302664899
2016-01-27,0.03953854527838288
2016-01-28,-0.1278096165848572
2016-01-29,-0.009898568629332688
2016-02-01,-0.061744816522036325
2016-02-02,-0.010017522166445556
2016-02-03,-0.05048740949664581
2016-02-04,0.08006812994257007
2016-02-05,-0.009536910940448031
2016-02-15,-0.007972595445864355
2016-02-16,-0.059589261621366525
2016-02-17,-0.010017522166445556
2016-02-18,0.11951259050335411
2016-02-19,-0.08847578420416176
2016-02-22,-0.007939294017767256
2016-02-23,-0.061026298221813054
2016-02-24,0.45998247783355506
2016-02-25,0.08353823962709532
2016-02-26,-0.05037580261260208
2016-02-29,-0.2184008559909432
2016-03-01,-0.09228610378597618
2016-03-02,0.1059533004303342
2016-03-03,0.04000152708637674
2016-03-04,-0.0970054461756188
2016-03-07,-0.009461982727229552
2016-03-08,-0.0512059277968691
2016-03-09,-0.13993187005742969
2016-03-10,0.028578742661205046
2016-03-11,-0.051581837661029264
2016-03-14,-0.00921335175720652
2016-03-15,-0.05030777992159
2016-03-16,-0.009931870057429786
2016-03-17,0.02969222007841007
2016-03-18,-0.04924665318530365
2016-03-21,-0.00921335175720652
2016-03-22,-0.10030777992158983
2016-03-23,0.03963986939749119
2016-03-24,-0.14077766725179008
2016-03-25,-0.009804591163292645
2016-03-28,-0.011924446097092315
2016-03-29,-0.1395892616213666
2016-03-30,0.029297260961428314
2016-03-31,-0.13158183766102935
2016-04-01,-0.05989856862933251
2016-04-04,0.0778269229328845
2016-04-05,-0.04971654051550388
2016-04-06,0.11168479611807267
2016-04-07,-0.009279954613400716
2016-04-08,-0.007433706720696901
2016-04-11,-0.08958926162136678
2016-04-12,-0.14027447849349278
2016-04-13,-0.01213977563901826
2016-04-14,-0.05192444609709235
2016-04-15,0.03006812994257025
2016-04-19,-0.08996517148552696
2016-04-20,-0.009555960193269604
2016-04-21,-0.011026298221813237
2016-04-22,0.33041073837863316
2016-04-25,0.11332291008516962
2016-04-26,-0.08245403076127976
2016-04-27,-0.178118923592823
2016-04-28,-0.14248238407508124
2016-04-29,0.15624355818547933
2016-05-04,-0.09046836024382428
2016-05-05,0.11277922428245611
2016-05-06,0.2500015270863758
2016-05-09,-0.005206751886286854
2016-05-10,0.035081107330084564
2016-05-11,0.2507533468146971
2016-05-12,-0.13664378848673417
2016-05-13,-0.006032370087120488
2016-05-16,-0.1019244460970922
2016-05-17,0.209639869397492
2016-05-18,-0.05932158139852279
2016-05-19,-0.08606567151521766
2016-05-20,-0.10117262636877183
2016-05-23,-0.1817971672029551
2016-05-24,0.07733798634986269
2016-05-25,-0.011872095416173643
2016-05-26,-0.09797259544586422
2016-05-27,0.11963986939749124
2016-05-30,0.07990754962033672
2016-05-31,0.07351679183550004
2016-06-01,-0.007287378573738177
2016-06-02,0.031847774979079854
2016-06-03,-0.04924665318530365
2016-06-06,-0.08921335175720571
2016-06-07,-0.10099299679371689
2016-06-08,0.07820283279704557
2016-06-09,0.06956494118427206
2016-06-10,-0.007287378573738177
2016-06-13,-0.08815222502091938
2016-06-14,-0.10027447849349362
2016-06-15,-0.011797167202955167
2016-06-16,-0.09120592779686915
2016-06-17,-0.14027447849349278
2016-06-20,0.02786022436098178
2016-06-21,-0.01158183766102923
2016-06-22,-0.04887074332114347
2016-06-23,0.1200681299425701
2016-06-24,-0.2291943025043847
2016-06-27,-0.009138423543988049
2016-06-28,-0.09354111227259473
2016-06-29,0.15972552150650704
2016-06-30,-0.04957021236854516
2016-07-01,0.07312183271851916
2016-07-04,0.030377436950536237
2016-07-05,0.12219038341514281
2016-07-06,-0.08775726590393848
2016-07-07,0.03206070598223278
2016-07-08,-0.050683689785750184
2016-07-11,0.07078664824279354
2016-07-12,0.12037743695053608
2016-07-13,0.5029612523962846
2016-07-14,-0.13288581958583578
2016-07-15,0.038458369289274964
2016-07-18,-0.011581837661029215
2016-07-19,-0.2188707433211434
2016-07-20,-0.18138795591069873
2016-07-21,-0.014817568550806966
2016-07-22,-0.012642964397315598
2016-07-25,-0.1395892616213666
2016-07-26,0.039297260961428986
2016-07-27,0.15850381444798647
2016-07-28,-0.09723502789282025
2016-07-29,-0.007306427826559767
2016-08-01,-0.0512059277968691
2016-08-02,-0.21993187005742976
2016-08-03,-0.062106474210920984
2016-08-04,0.07621025675738215
2016-08-05,-0.0997165405155037
2016-08-08,0.04125653557299353
2016-08-09,-0.14077766725179008
2016-08-10,0.2001954088367073
2016-08-11,0.07987424819223962
2016-08-12,-0.055046171564053316
2016-08-15,-0.0084008559909432
2016-08-16,-0.09048740949664587
2016-08-17,-0.010274478493492872
2016-08-18,-0.011026298221813235
2016-08-19,-0.09958926162136657
2016-08-22,0.03963986939749119
2016-08-23,-0.06077766725179001
2016-08-24,0.08088062570883338
2016-08-25,-0.0997165405155037
2016-08-26,0.1212565355729936
2016-08-29,-0.05009245037966406
2016-08-30,0.032403314418295866
2016-08-31,-0.009965171485526884
2016-09-01,-0.08887074332114352
2016-09-05,-0.06027447849349269
2016-09-06,-0.01145455876689209
2016-09-07,0.03951259050335404
2016-09-08,-0.009161001076287848
2016-09-09,0.07130888625391245
2016-09-12,-0.06890404474924014
2016-09-13,-0.058666137675014614
2016-09-14,-0.15109529961678103
2016-09-15,0.04831346097713392
2016-09-16,-0.011590163018053514
2016-09-19,0.05148851582896782
2016-09-20,-0.02907534896727165
2016-09-21,-0.028682788389063806
2016-09-22,-0.010119824989509873
2016-09-23,-0.04994852077147838
2016-09-26,-0.009931870057429786
2016-09-27,0.08969222007841056
2016-09-28,0.10126725946879044
2016-09-29,-0.11685079267163448
2016-09-30,-0.08855550949492628
2016-10-03,-0.012250403819106843
2016-10-04,0.13897370177818621
2016-10-05,0.12169552001387064
2016-10-06,-0.005781340578324431
2016-10-07,-0.13725407714564186
2016-10-10,-0.10070273903857159
2016-10-11,0.007304684921766192
2016-10-12,-0.011034623578837503
2016-10-13,-0.00923000247125506
2016-10-14,-0.04958926162136674
2016-10-17,-0.009931870057429786
2016-10-18,-0.010307779921589969
2016-10-19,0.12041073837863318
2016-10-20,-0.02847578420416214
2016-10-21,-0.07742538136367204
2016-10-24,0.05945191446541066
2016-10-25,-0.050247103883647046
2016-10-26,-0.11867446303203852
2016-10-27,-0.16124995312076382
2016-10-28,0.1571500314177827
2016-10-31,-0.07082761939393546
2016-11-01,-0.047049471499512475
2016-11-02,-0.041009647507764924
2016-11-03,-0.05056473624863732
2016-11-04,-0.01047075878259724
2016-11-07,0.02969222007841007
2016-11-08,-0.06924665318530324
2016-11-09,-0.04938465597523809
2016-11-10,0.048990352492234934
2016-11-11,-0.06979386726749497
2016-11-14,0.010974603174873141
2016-11-15,-0.010495734853670056
2016-11-16,-0.04923000247125511
2016-11-17,-0.07993187005742919
2016-11-18,-0.010907344684700362
2016-11-21,0.11915333135324248
2016-11-22,0.08152421579583817
2016-11-23,-0.006483208164499149
2016-11-24,-0.15797259544586473
2016-11-25,-0.08087404325660268
2016-11-28,-0.07288327001031485
2016-11-29,-0.03136058130085161
2016-11-30,0.009161656710266424
2016-12-01,0.03022278344655325
2016-12-02,-0.028887394035191562
2016-12-05,-0.04904204753917501
2016-12-06,-0.16029112920754177
2016-12-07,-0.03159256155682611
2016-12-08,-0.0624550094652362
2016-12-09,-0.07037678131655681
2016-12-12,-0.18100132215074036
2016-12-13,-0.18212312492496963
2016-12-14,0.005900949749415883
2016-12-15,0.0775283398207158
2016-12-16,0.05154086650988736
2016-12-19,0.12254131720823017
2016-12-20,-0.02739800675382634
2016-12-21,-0.027425381363673087
2016-12-22,-0.06011982498950969
2016-12-23,0.039623218683442624
2016-12-26,-0.0300591489515665
2016-12-27,0.011137582035880413
2016-12-28,-0.009777216553446788
2016-12-29,-0.09923000247125494
2016-12-30,0.009639869397490933
2017-01-03,0.4389653764211627
2017-01-04,0.12462434243445451
2017-01-05,0.03960754667335011
2017-01-06,0.0530885312904225
2017-01-09,0.1816431693329507
2017-01-10,-0.08688409409973222
2017-01-11,0.33313848343256747
2017-01-12,-0.04811412651527617
2017-01-13,-0.13382446450553281
2017-01-16,-0.061421257338794805
2017-01-17,0.49764729335782865
2017-01-18,-0.15611915193684092
2017-01-19,0.14828706507124284
2017-01-20,0.09900107638803293
2017-01-23,0.17404735520364373
2017-01-24,0.10392840166653236
2017-01-25,-0.005413756071188516
2017-02-02,0.06238666370424581
2017-02-03,-0.11898969685825575
2017-02-06,-0.07927402779514978
2017-02-07,-0.07216475171009158
2017-02-08,-0.15136058130085084
2017-02-09,0.07813383140207746
2017-02-10,0.20866679330899446
2017-02-13,-0.026088249047518733
2017-02-14,0.06419128481183001
2017-02-15,0.2706510439916314
2017-02-16,-0.005933595543534394
2017-02-17,-0.17455963351980378
2017-02-20,-0.19104534747463453
2017-02-21,-0.10418470235959933
2017-02-22,-0.14359346295351325
2017-02-23,-0.06231940521407389
2017-02-24,0.057647293357829116
2017-02-27,0.10011215526646404
2017-02-28,-0.027389681396802076
2017-03-01,-0.1177846405137846
2017-03-02,-0.030890693970651383
2017-03-03,0.13826350883498723
2017-03-06,0.03133626086375916
2017-03-07,-0.04655220955946729
2017-03-08,0.010786648242793063
2017-03-09,0.009863524296442903
2017-03-10,-0.0890586982532236
2017-03-13,-0.11991521934338153
2017-03-14,-0.04196847142098697
2017-03-15,-0.05182214327402804
2017-03-16,0.009529241217403221
2017-03-17,0.07986352429644143
2017-03-20,0.10154086650988631
2017-03-21,0.08296957775330897
2017-03-22,-0.07684246731461108
2017-03-23,0.06142783979102553
2017-03-24,0.07975289611635283
2017-03-27,0.03243901438516689
2017-03-28,-0.13762998700980206
2017-03-29,-0.07998422073834874
2017-03-30,-0.012524010860202732
2017-03-31,-0.12084666864675686
2017-04-03,-0.05053143482054021
2017-04-04,-0.03190779538304333
2017-04-05,0.009520915860378067
2017-04-07,-0.009777216553446788
2017-04-10,-0.0592300024712549
2017-04-11,0.07998247783355429
2017-04-12,-0.13971654051550375
2017-04-13,-0.02908607286306895
2017-04-14,-0.12209575031512418
2017-04-17,-0.23089069397065157
2017-04-18,0.11655046665467224
2017-04-19,-0.01242763485538964
2017-04-20,0.03274592285435895
2017-04-21,-0.13924665318530352
2017-04-24,-0.04998422073834849
2017-04-25,0.027732945466844638
2017-04-26,0.030034828514473155
2017-04-27,0.04147186511491947
2017-04-28,0.011557517223934994
2017-05-03,0.0614801904719442
2017-05-04,0.12136956229185521
2017-05-05,-0.027218377178770528
2017-05-08,-0.007425381363672627
2017-05-09,0.08005147922852153
2017-05-10,0.1411816073597747
2017-05-11,-0.09668781381062766
2017-05-12,0.022334313023327963
2017-05-15,-0.0409489714698211
2017-05-16,-0.13930732922324646
2017-05-17,-0.031241627763738736
2017-05-18,0.077904249684876
2017-05-19,0.10082234820966393
2017-05-22,0.43296957775330863
2017-05-23,-0.22384464349905944
2017-05-24,0.23643009328274245
2017-05-25,-0.16148546165621652
2017-05-26,-0.006562933455263669
2017-05-29,0.2677162947527972
2017-05-30,-0.28719100256892627
2017-05-31,-0.056957892572244345
2017-06-01,-0.07504715026800894
2017-06-02,0.008998677849259177
2017-06-05,0.029504265146330852
2017-06-06,0.17111260596480773
2017-06-07,0.30267099464114094
2017-06-08,-0.16370071389087326
2017-06-09,-0.06539117853888922
2017-06-12,0.027022752523646526
2017-06-13,0.11967556936436048
2017-06-14,0.19224273409606266
2017-06-15,0.08445896503467418
2017-06-16,-0.02522580113910976
2017-06-19,0.12185610033610488
2017-06-20,0.08116495664572652
2017-06-21,-0.2964832081644983
2017-06-22,-0.1404565066073225
2017-06-23,0.004088003284809174
2017-06-26,0.0982468581209404
2017-06-27,-0.1182878292720828
2017-06-28,0.0614444905050741
2017-06-29,-0.010965622183870306
2017-06-30,0.03166814540402495
2017-07-03,0.1707533468146961
2017-07-04,-0.13732900535886033
2017-07-05,0.012530593312432534
2017-07-06,-0.08175314187905931
2017-07-07,-0.1598295672343658
2017-07-10,-0.14213145028199475
2017-07-11,-0.013397182664408988
2017-07-12,-0.06192444609709127
2017-07-13,0.0799824778335543
2017-07-14,-0.15971654051550419
2017-07-17,-0.2592573770811009
2017-07-18,-0.1044250079725981
2017-07-19,0.12514913002109473
2017-07-20,0.029993201729352662
2017-07-21,-0.18673183913452193
2017-07-24,-0.010412481283427297
2017-07-25,0.21717740602762903
2017-07-26,0.14238073688599462
2017-07-27,-0.07417299975984665
2017-07-28,0.08250561724136175
2017-07-31,0.38992420033438313
2017-08-01,-0.1845465110852332
2017-08-02,0.06605418341858235
2017-08-03,-0.012223029209260996
2017-08-04,-0.09833185459597585
2017-08-07,-0.01036013060250864
2017-08-08,-0.14120592779686983
2017-08-09,-0.3907027390385707
2017-08-10,-0.12517922623969105
2017-08-11,0.1826426413273381
2017-08-14,0.10014785523333417
2017-08-15,-0.09505449692107677
2017-08-16,-0.06838420527689518
2017-08-17,-0.17171984045096206
2017-08-18,0.00796252718404564
2017-08-21,-0.03229203060422777
2017-08-22,-0.1394013066892874
2017-08-23,-0.011061998188683357
2017-08-24,0.27807555390290684
2017-08-25,-0.02710535045990892
2017-08-28,-0.004551308162779573
2017-08-29,-0.07994852077147861
2017-08-30,-0.08018882638447561
2017-08-31,0.20855376659013106
2017-09-01,-0.008962322248410436
2017-09-05,-0.06563741097013925
2017-09-06,-0.08010317427545985
2017-09-07,0.05873339616518652
2017-09-08,-0.08024710388364552
2017-09-11,-0.09893141935908625
2017-09-12,0.03838246237209961
2017-09-13,-0.04077766725178956
2017-09-14,0.06105192992686534
2017-09-15,-0.02952858558342509
2017-09-18,0.19149684118599353
2017-09-19,0.05176452140883579
2017-09-20,0.08451724253384589
2017-09-21,0.12225938481010913
2017-09-22,-0.11685911802865874
2017-09-25,-0.06819625034481508
2017-09-26,0.00792090039892427
2017-09-27,-0.010495734853670072
2017-09-28,-0.14923000247125387
2017-09-29,-0.010788391147587487
2017-10-02,-0.03210407567214946
2017-10-03,-0.029760565839397828
2017-10-04,0.16988017501048983
2017-10-05,0.04159321719080626
2017-10-06,0.08407233127471671
2017-10-09,0.032079755235053485
2017-10-10,-0.04762998700980042
2017-10-11,-0.09921335175720639
2017-10-12,-0.04107864890273125
2017-10-13,0.05853711587608215
2017-10-16,0.06047141441657653
2017-10-17,0.1022677101671356
2017-10-18,0.042610318603196445
2017-10-19,-0.00718507575067385
2017-10-20,-0.02869111374608721
2017-10-23,-0.23976056583939867
2017-10-24,-0.06191851927884
2017-10-25,0.10585099760726988
2017-10-26,-0.1494595841884571
2017-10-27,0.13136716375308286
2017-10-30,-0.08090494614592764
2017-10-31,-0.09767401233369552
2017-11-01,0.008382462372100212
2017-11-02,-0.15103462357883632
2017-11-03,0.10957086800252336
2017-11-06,0.27892374963604205
2017-11-07,0.04505020444075939
2017-11-08,0.17604825660033055
2017-11-09,-0.09714937578380363
2017-11-10,0.3128732017484963
2017-11-13,-0.008465060308364372
2017-11-14,0.22615888478041984
2017-11-15,-0.047619263114004884
2017-11-16,0.08419961016885386
2017-11-17,-0.18953691094044778
2017-11-20,0.08048566659185162
2017-11-21,0.16794827500877202
2017-11-22,0.653569142516418
2017-11-23,0.47929710992467933
2017-11-24,-0.12362240843492484
2017-11-27,-0.0020805194358925116
2017-11-28,-0.15192444609709288
2017-11-29,0.44921160885241157
2017-11-30,0.08183592134257894
2017-12-01,-0.11055543218765841
2017-12-04,0.08108523135496204
2017-12-05,-0.36079431796583844
2017-12-06,-0.01097041926141634
2017-12-07,-0.10587629674832014
2017-12-08,-0.15036013060250922
2017-12-11,-0.7424050573230885
2017-12-12,-0.018356679630299425
2017-12-13,-0.2727022206004413
2017-12-14,0.5182694356532385
2017-12-15,-0.059540439219926966
2017-12-18,0.269502845311514
2017-12-19,-0.20817480255322104
2017-12-20,0.17354769472482465
2017-12-21,-0.17164011516019934
2017-12-22,0.08227363698538728
2017-12-25,-0.05169246584111874
2017-12-26,0.4216847961180723
2017-12-27,0.06337526076608846
2017-12-28,0.4387343748691433
2017-12-29,-0.034563161799281414
2018-01-02,0.3480574833540416
2018-01-03,-0.07713032653098245
2018-01-04,0.4060982087424766
2018-01-05,-0.27733493217711036
2018-01-08,0.26546294401249554
2018-01-09,-0.012126653204447927
2018-01-10,-0.09473926309485953
2018-01-11,0.05963986939749165
2018-01-12,-0.04060636303375801
2018-01-15,0.22141118907697535
2018-01-16,0.221841848160829
2018-01-17,-0.6434877828877207
2018-01-18,0.12906048362790828
2018-01-19,-0.10988642489871803
2018-01-22,0.19215468344827208
2018-01-25,0.4505071143834472
2018-01-26,0.2479433268944751
2018-01-29,0.460815001556596
2018-01-30,-0.11115852523024702
2018-01-31,-0.3922684743679714
2018-02-01,0.005094380801403805
2018-02-02,0.3235764891694879
2018-02-05,-0.8963178307647194
2018-02-06,-0.7911048937718719
2018-02-07,0.6077428416954344
2018-02-08,-0.5881186334987095
2018-02-09,-0.002975139031693396
2018-02-12,0.7601718526004512
2018-02-13,0.4570916028818643
2018-02-21,0.3083618422477114
2018-02-22,0.36124326210167346
2018-02-23,0.7988831015548763
2018-02-26,0.14372957180190493
2018-02-27,0.6459802339093182
2018-02-28,0.6884072874064254
2018-03-01,-0.4021829732957064
2018-03-02,-0.0007065574121619452
2018-03-05,-1.026954074198655
2018-03-06,0.8017598753680389
2018-03-07,-0.3807083757627104
2018-03-08,0.09205688760864233
2018-03-09,0.3047149426577661
2018-03-12,0.4747682720426407
2018-03-13,1.0302701860131775
2018-03-14,-0.06214487479006336
2018-03-15,0.48831301984627246
2018-03-16,0.04326463258599675
2018-03-19,-0.1905387814736064
2018-03-20,-0.14031850381738986
2018-03-21,0.07588429903536763
2018-03-22,-0.19115357711595016
2018-03-23,-0.39951433340814524
2018-03-26,0.37383697377601055
2018-03-27,-0.013254382796928449
2018-03-28,-0.2825837081941875
2018-03-29,-0.10198752067380813
2018-03-30,-0.19538975870407296
2018-04-02,0.7172523342408458
2018-04-03,0.03343000998578255
2018-04-04,-0.17613369420622874
2018-04-05,-0.15041248128342782
2018-04-06,0.035978276501408515
2018-04-09,0.9083241848729289
2018-04-10,-0.19081111971663797
2018-04-11,-0.7246907307875281
2018-04-12,-0.019254827505578505
2018-04-13,-0.7127022206004425
2018-04-16,-0.10549925714345477
2018-04-17,0.3472454287186392
2018-04-18,-0.5780367997632858
2018-04-19,-0.9078251375581989
2018-04-20,0.8424631627890317
2018-04-23,-1.0683041898920187
2018-04-24,-0.39295496003816544
2018-04-26,-0.9917907992538433
2018-04-27,0.45518258248594284
2018-05-02,-0.9627223995939675
2018-05-03,0.7909816597338291
2018-05-04,-0.24962227295535044
2018-05-07,0.9028111058757345
2018-05-08,-0.03601205203623043
2018-05-09,-0.17367955619339026
2018-05-10,-0.9316698883088179
2018-05-11,0.6192974119981783
2018-05-14,0.029366552450506463
2018-05-15,0.16233529172728456
2018-05-16,-0.34732068000183514
2018-05-17,0.0303726398729893
2018-05-18,0.10464594126279961
2018-05-21,-0.3078429180129549
2018-05-22,-0.7900032699911693
2018-05-23,0.3883409866237288
2018-05-24,-0.31008863200607467
2018-05-25,-0.5547083602055345
2018-05-28,-0.8495093852938528
2018-05-29,0.7534219867022538
2018-05-30,-0.19781765184776906
2018-05-31,0.6628801072707033
2018-06-01,0.15283044522266964
2018-06-04,0.23363672407656996
2018-06-05,0.20525481008688817
2018-06-06,0.24634091289424825
2018-06-07,-0.28367573781979966
2018-06-08,0.09250321870258676
2018-06-11,-0.24376236863277229
2018-06-12,-0.30976296437817025
2018-06-13,0.003709694881875959
2018-06-14,-0.31480684465501035
2018-06-15,0.12820043425827235
2018-06-18,-0.5837790193468206
2018-06-19,-0.2219566177844833
2018-06-20,0.3283731583111202
2018-06-21,-0.38036365888198787
2018-06-22,0.24352864547200334
2018-06-25,0.19590574682696318
2018-06-26,-0.16329982795564024
2018-06-27,-0.46718747428944774
2018-06-28,-0.3364033318369838
2018-06-29,-0.04059308956244029
2018-07-02,-0.5455087122411837
2018-07-03,-0.7444880825493146
2018-07-04,0.15463776694252346
2018-07-05,-0.6611604826381562
2018-07-06,0.6281623357526275
2018-07-09,0.07439618055207026
2018-07-10,0.12267790016334847
2018-07-11,-0.676944770137675
2018-07-12,0.3968276019752466
2018-07-13,0.35188729331953944
2018-07-16,0.09094467898950516
2018-07-17,0.5478279016368413
2018-07-18,0.4067382705500032
2018-07-19,-0.2161978985236508
2018-07-20,0.1258912045575756
2018-07-23,-0.5124276348553896
2018-07-24,-0.03153668259643097
2018-07-25,-0.36874204459218873
2018-07-26,0.0770536554129695
2018-07-27,0.17489457223282293
2018-07-30,0.19365479462543458
2018-07-31,-0.11446325751499019
2018-08-01,-0.19693884331942516
2018-08-02,-0.12319257701827978
2018-08-03,-0.06394439674659964
2018-08-06,-0.01199344749205952
2018-08-07,0.08951259050335388
2018-08-08,0.40126725946879116
2018-08-09,0.045718770598837014
2018-08-10,0.08820381150100048
2018-08-13,0.672079755235054
2018-08-14,-0.20214825203279121
2018-08-15,-0.0490874926978873
2018-08-16,0.4263898863324394
2018-08-17,-0.07671871669995214
2018-08-20,-0.14228512508202174
2018-08-21,0.35795420182702276
2018-08-22,-0.1289349476385656
2018-08-23,-0.07397079265249101
2018-08-24,-0.012344381285146918
2018-08-27,0.4991533313532442
2018-08-28,0.014778995938437211
2018-08-29,-0.1102568490754897
2018-08-30,0.2598278243295728
2018-08-31,-0.21925258000355574
2018-09-04,-0.5765379573841911
2018-09-05,0.051756347088562464
2018-09-06,-0.08922858263643814
2018-09-07,0.27106858064091477
2018-09-10,-0.1484484095943164
2018-09-11,0.33424123695397523
2018-09-12,-0.20919190396561121
2018-09-13,0.05480510175021437
2018-09-14,0.12733205953161217
2018-09-17,-0.16731235464481117
2018-09-18,0.13155511868516295
2018-09-19,-0.06126420529603968
2018-09-20,0.2924972918843366
2018-09-21,0.2920821537738263
2018-09-24,-0.051630811099218
2018-09-25,-0.09462863491477093
2018-09-26,-0.08125827847778799
2018-09-27,-0.03180549255997902
2018-09-28,-0.03101797286479031
2018-10-01,-0.24011982498950854
2018-10-02,0.00808148072115849
2018-10-03,0.17645056237038056
2018-10-04,0.08239738760004442
2018-10-05,-0.28540543071416363
2018-10-08,-0.12037085449830538
2018-10-09,-0.08556106292210332
2018-10-10,-0.13216475171009207
2018-10-11,-0.8518744939549465
2018-10-12,0.34106040632063994
2018-10-15,-0.31159467000148844
2018-10-16,0.17439349191918507
2018-10-17,0.05674321866429877
2018-10-18,-0.2157563645072507
2018-10-19,-0.08013054888530745
2018-10-22,-0.12396104746065045
2018-10-23,-0.38178884184593015
2018-10-24,-0.2247343149805651
2018-10-25,-0.10803425018776297
2018-10-26,-0.24413235167867947
2018-10-29,-0.19317592630423328
2018-10-30,0.03473752019006636
2018-10-31,0.5376056665727081
2018-11-01,-0.26398024775022
2018-11-02,0.2980634101722921
2018-11-05,-0.011690067302344806
2018-11-06,-0.11420037436969166
2018-11-07,-0.010531434820540178
2018-11-08,-0.04156518694698181
2018-11-09,-0.2798462179484136
2018-11-12,-0.08244075728996028
2018-11-13,-0.21503882491098344
2018-11-14,-0.3825597108270721
2018-11-15,0.003649018843933029
2018-11-16,0.3039357483195999
2018-11-19,0.5035108650172494
2018-11-20,0.06052714234022248
2018-11-21,0.05008575936057527
2018-11-22,-0.1680832236259531
2018-11-23,-0.24006154749034037
2018-11-26,0.0055666666703788415
2018-11-27,-0.1035494376296188
2018-11-28,0.1999991285476021
2018-11-29,0.03059276649246306
2018-11-30,0.06452556789086704
2018-12-03,0.5217288214419682
2018-12-04,-0.11379229281814135
2018-12-05,0.08898893265741796
2018-12-06,-0.08079431796583728
2018-12-07,0.0414278397910242
2018-12-10,-0.45041840810167805
2018-12-11,0.0775401934572183
2018-12-12,0.07327790605731917
2018-12-13,-0.16720172646472256
2018-12-14,-0.36934302919011613
2018-12-17,-0.3455468107468276
2018-12-18,-0.1088824459208964
2018-12-19,-0.496287906579351
2018-12-20,-0.10531722902962593
2018-12-21,0.28101764979481286
2018-12-24,-0.23863636452639633
2018-12-25,-0.3061703728770556
2018-12-26,-0.19629030511812334
2018-12-27,0.003480113164674484
2018-12-28,-0.03265128975433943
2019-01-02,-0.1494013066892872
2019-01-03,-0.4211476502976993
2019-01-04,0.09438418785820644
2019-01-07,-0.10601190099948156
2019-01-08,-0.11838420527689585
2019-01-09,0.18785189900395852
2019-01-10,0.22014785523333513
2019-01-11,-0.02402667161288896
2019-01-14,-0.005629085613114466
2019-01-15,0.040051479228522355
2019-01-16,-0.10916100107628748
2019-01-17,-0.11954763483624653
2019-01-18,-0.12232773057109779
2019-01-21,0.5574926398538461
2019-01-22,0.03331698326691743
2019-01-23,0.1909922325928792
2019-01-24,0.22275664675015486
2019-01-25,-0.12420630118794267
2019-01-28,0.06351439329672809
2019-01-29,0.16885474824107363
2019-01-30,-0.1367901166336929
2019-01-31,-0.3574694066875667
2019-02-01,0.17507773008735697
2019-02-11,0.25575109332297896
2019-02-12,0.06613630724811993
2019-02-13,-0.00413969833174926
2019-02-14,-0.00833185459597598
2019-02-15,-0.02958926162136805
2019-02-18,0.03023943416060267
2019-02-19,-0.189605912335415
2019-02-20,0.03958751871657164
2019-02-21,-0.1123943334272922
2019-02-22,0.3104523651637549
2019-02-25,0.09135531011657945
2019-02-26,0.017015405870576716
2019-02-27,-0.09762166165277687
2019-02-28,-0.17000087145239717
2019-03-01,-0.012576361541121388
2019-03-04,0.1675366651777417
2019-03-05,0.011952476340916764
2019-03-06,0.023815374947668926
2019-03-07,0.08102695385579209
2019-03-08,-0.14827950391505612
2019-03-11,-0.05917172497208585
2019-03-12,0.4474676637827721
2019-03-13,0.2034525875180805
2019-03-14,-0.029527606879467313
2019-03-15,0.0939260031277578
2019-03-18,0.31072837074362386
2019-03-19,-0.14505209838230443
2019-03-20,-0.055040244745802075
2019-03-21,-0.42253233621722713
2019-03-22,0.16600085403370907
2019-03-25,-0.17541233623637145
2019-03-26,0.09227363698538532
2019-03-27,0.04839318626789844
2019-03-28,0.0627209467832846
2019-03-29,-0.09791191940792127
2019-04-01,-0.09910272357711782
2019-04-02,-0.12197679677801042
2019-04-03,-0.11214810099604218
2019-04-04,0.08757829196286125
2019-04-05,-0.06052903628176786
2019-04-08,0.1717787735841141
2019-04-09,-0.07894567153436219
2019-04-10,-0.11695549403347359
2019-04-11,0.008211158154070435
2019-04-12,-0.051393882728950076
2019-04-16,-0.14957261090731871
2019-04-17,-0.06150690944780972
2019-04-18,-0.21253233621722806
2019-04-19,-0.10220045167696105
2019-04-22,-0.1539527221036238
2019-04-23,0.1475949426769103
2019-04-24,0.23926635807210422
2019-04-25,-0.1645738856950795
2019-04-26,0.08353104401077623
2019-05-02,-0.12169246584111905
2019-05-03,-0.05891476864503678
2019-05-06,-0.21199344749206062
2019-05-07,-0.04220045167696056
2019-05-08,0.016561190550469
2019-05-09,-0.1698711940194852
2019-05-10,0.07957919335954827
2019-05-13,0.05830753415888071
2019-05-14,0.03262696931724696
2019-05-15,0.27201075384008644
2019-05-16,-0.03647248426870119
2019-05-17,0.045183410153149556
2019-05-20,0.060300110198543234
2019-05-21,-0.05809154898297615
2019-05-22,0.13123988485894392
2019-05-23,-0.029288279970424554
2019-05-24,-0.14724575178861563
2019-05-27,-0.011147650297699112
2019-05-28,-0.10210407567214975
2019-05-29,-0.17036013060250702
2019-05-30,-0.012576361541121404
2019-05-31,-0.1724633348222599
2019-06-03,-0.20095969536562033
2019-06-04,0.03590927510644128
2019-06-05,0.03742603699765233
2019-06-06,0.0817371467989911
2019-06-07,0.062079755235052846
2019-06-10,0.01262696931724738
2019-06-11,-0.008160550377944458
2019-06-12,-0.12923000247125604
2019-06-13,-0.05061708692955511
2019-06-14,0.05791257504190069
2019-06-17,0.06029178484151896
2019-06-18,-0.10773228983286524
2019-06-19,-0.00918837568613372
2019-06-20,0.3386144426280748
2019-06-21,0.17340856219418677
2019-06-24,-0.001760488532129235
2019-06-25,-0.16635592927036214
2019-06-26,-0.08095969536561932
2019-06-27,-0.1230628995853696
2019-06-28,-0.541788841845932
2019-07-01,0.6038952512751845
2019-07-02,-0.03379919834034854
2019-07-03,0.1113764678140636
2019-07-04,0.040993652427694066
2019-07-05,-0.007185075750673851
2019-07-08,-0.12869111374608685
2019-07-09,0.019382913070443413
2019-07-10,0.008512139805010394
2019-07-11,0.24112093132183227
2019-07-12,-0.05708869974585973
2019-07-15,0.02447321720994923
2019-07-16,0.0797695468304014
2019-07-17,0.08172049608494253
2019-07-18,-0.12720172646472164
2019-07-19,0.09099957924594604
2019-07-22,-0.130888295431878
2019-07-23,0.011179208821001785
2019-07-24,-0.19157351230400466
2019-07-25,-0.010771740433538953
2019-07-26,-0.032822593972370966
2019-07-29,-0.1497605658393988
2019-07-30,-0.101147650297699
2019-07-31,0.00712505534670949
2019-08-01,-0.17103462357883767
2019-08-02,-0.030600436215506985
2019-08-05,-0.012634639040291308
2019-08-06,-0.07994852077147861
2019-08-07,-0.010188826384477101
2019-08-08,0.10915333135324179
2019-08-09,0.011438563686823895
2019-08-12,-0.07726240250266565
2019-08-13,0.11017043276563376
2019-08-14,-0.05981884333856711
2019-08-15,-0.05786196726577647
2019-08-16,0.039084329958276084
2019-08-19,-0.010059148951566937
2019-08-20,0.04130888625391133
2019-08-21,0.050838998923712644
2019-08-22,-0.0681772010919935
2019-08-23,-0.05902539682512536
2019-08-26,-0.10109529961678032
2019-08-27,-0.011258278477787704
2019-08-28,-0.041205927796870184
2019-08-29,-0.029846217948413595
2019-08-30,-0.01029945456456571
2019-09-03,-0.11994852077147776
2019-09-04,0.009468565179459395
2019-09-05,-0.031393882728948705
2019-09-06,-0.03940130668928775
2019-09-09,0.01979452290147549
2019-09-10,-0.10987119401948828
2019-09-11,0.020093106013644186
2019-09-12,0.14887139895512258
2019-09-13,0.31232006084805336
2019-09-16,-0.05397432093196967
2019-09-17,-0.004269375764659427
2019-09-18,0.019512590503353563
2019-09-19,0.19066769470568168
2019-09-20,-0.07733733071588413
2019-09-23,-0.04659623488336167
2019-09-24,-0.13118927708281974
2019-09-25,0.01866439477022013
2019-09-26,0.14851213980501096
2019-09-27,-0.007679939151946925
2019-09-30,-0.006715188420473633
2019-10-01,0.06041073837863358
2019-10-02,-0.1489896968582569
2019-10-03,-0.00953098412219678
2019-10-04,-0.19210407567214788
2019-10-07,-0.041130999583649935
2019-10-08,0.07692044970058115
2019-10-09,0.2506427186346076
2019-10-10,-0.0757456406114546
2019-10-11,-0.005518457433025875
2019-10-14,0.23915333135324257
2019-10-15,-0.007447958895972425
2019-10-16,0.08490147775502857
2019-10-17,-0.008818392640224763
2019-10-18,-0.14797259544586316
2019-10-21,-0.17078839114758762
2019-10-22,0.14652549058359968
2019-10-23,-0.08109290107800772
2019-10-24,0.02268524681641533
2019-10-25,0.2194102876802903
2019-10-28,-0.007080374388836524
2019-10-29,0.014542218604916663
2019-10-30,0.030582042596665762
2019-10-31,-0.06888739403519249
2019-11-01,0.12061534402476273
2019-11-04,0.06044643834550193
2019-11-05,-0.02665451238253026
2019-11-06,-0.05850315881400648
2019-11-07,-0.03037678131655852
2019-11-08,0.00934128628532403
2019-11-11,-0.16977721655344696
2019-11-12,0.01939956378449198
2019-11-13,-0.08220637849521276
2019-11-14,-0.12964993765930888
2019-11-15,0.038125506045052264
2019-11-18,-0.15131655597695642
2019-11-19,0.040109756727690515
2019-11-20,-0.10167581512706914
2019-11-21,-0.009461982727229576
2019-11-22,-0.11120592779686869
2019-11-25,0.019554217288474954
2019-11-26,0.008871398955123797
2019-11-27,-0.078879068678168
2019-11-28,-0.2798295672343668
2019-11-29,-0.013159275590183254
2019-12-02,-0.3144392601478727
2019-12-03,-0.1021588248918397
2019-12-04,0.37425098214581565
2019-12-05,-0.16786549554525235
2019-12-06,0.08604585806155765
2019-12-09,-0.08169246584111808
2019-12-10,-0.05857216020897546
2019-12-11,-0.10127492919183614
2019-12-12,0.12874172152221283
2019-12-13,0.1999932017293508
2019-12-16,-0.14527575328125286
2019-12-17,-0.03701617007141649
2019-12-18,-0.052361031999194584
2019-12-19,-0.01047075878259725
2019-12-20,0.0796922200784099
2019-12-23,0.08118160735977509
2019-12-24,0.022798273535276945
2019-12-25,-0.007715639118817047
2019-12-26,-0.009050372896199263
2019-12-27,0.010410738378634649
2019-12-30,0.17058204259666457
2019-12-31,-0.07768826450897146
2020-01-02,0.27304450596652696
2020-01-03,-0.0984484095943157
2020-01-06,0.014669497499053788
2020-01-07,0.14896537642116262
2020-01-08,-0.037859568727002094
2020-01-09,0.36302785525247827
2020-01-10,0.5030409776870493
2020-01-13,-0.16857470978449712
2020-01-14,0.1381157608532124
2020-01-15,0.03855616512890593
2020-01-16,0.5833538129744935
2020-01-17,0.02636236068584225
2020-01-20,0.07126583963397407
2020-01-21,0.081549191866911
2020-01-22,0.12243901438516673
2020-01-30,-0.5768591180286595
2020-01-31,0.017863752640459335
2020-02-03,0.3204288089274989
2020-02-04,0.7938617988103377
2020-02-05,-0.1566296873482074
2020-02-06,0.5534106706388471
2020-02-07,-0.3977524688263929
2020-02-10,-0.14305006724491243
2020-02-11,0.5122060554252368
2020-02-12,-0.2575645138943123
2020-02-13,0.017789803131196897
2020-02-14,-0.22390869677973144
2020-02-17,-0.12102869676058571
2020-02-18,0.05569634410328794
2020-02-19,0.1290343778161285
2020-02-20,-0.05713272506975413
2020-02-21,-0.4875027081156646
2020-02-24,-0.6745987107294029
2020-02-25,0.7461354795809129
2020-02-26,-0.14484960118083523
2020-02-27,0.18312873824072587
2020-02-28,-0.22038270813480929
2020-03-02,-0.11815462355969264
2020-03-03,0.4156963441032874
2020-03-04,-0.00788214625930252
2020-03-05,-0.1318651898939656
2020-03-06,-0.17070273903857186
2020-03-09,-0.8432948798413447
2020-03-10,0.21042754012943166
2020-03-11,-0.6225285178436382
2020-03-12,-0.650596907936028
2020-03-13,0.044151228898275226
2020-03-16,-0.6804859896618286
2020-03-17,0.21601510620898176
2020-03-18,-0.03947481506768745
2020-03-19,-0.3956290856131133
2020-03-20,-0.15328895302309398
2020-03-23,-0.6377939445747652
2020-03-24,-0.08741450643112447
2020-03-25,0.5486741399620608
2020-03-26,-0.3459644984328583
2020-03-27,0.08773745245027846
2020-03-30,-0.6049257981921223
2020-03-31,-0.2430260698777944
2020-04-01,0.47784259494297826
2020-04-03,0.22056186360313673
2020-04-06,0.6013622156387883
2020-04-07,-0.12031865485413766
2020-04-08,-0.06983931242620722
2020-04-09,0.037655618714853796
2020-04-10,-0.17041840810167871
2020-04-13,0.059938452509660345
2020-04-14,-0.20186377005915065
2020-04-15,0.29004075533272505
2020-04-16,-0.030432660276953676
2020-04-17,0.13562832141227682
2020-04-20,-0.12874939124525853
2020-04-21,-0.48810227287877495
2020-04-22,0.19414388224520732
2020-04-23,-0.046412786934715844
2020-04-24,-0.00607399687224186
2020-04-27,-0.17012815034653253
2020-04-28,0.07904030463438083
2020-04-29,0.4283075341588817
2020-05-04,0.015796097350829142
2020-05-05,-0.0915142561008791
2020-05-06,0.1499991285476031
2020-05-07,0.08016450594738314
2020-05-08,0.2240556805606687
2020-05-11,0.15399740306149853
2020-05-12,0.17591265234916914
2020-05-13,-0.0051734504581897565
2020-05-14,-0.1363559292703628
2020-05-15,-0.22070273903857082
2020-05-18,0.19627685961357555
2020-05-19,0.4184372115917938
2020-05-20,-0.002133999857516401
2020-05-21,0.2981348101060324
2020-05-22,-0.07701969835089387
2020-05-25,0.11520006086719836
2020-05-26,0.030181156661430987
2020-05-27,-0.3470910982846337
2020-05-28,0.05821708497232062
2020-05-29,-0.045097102410153425
2020-06-01,0.4514111890769758
2020-06-02,-0.02618815333180825
2020-06-03,0.2485023946131693
2020-06-04,0.2921927819539149
2020-06-05,-0.09252895897449803
2020-06-08,0.1950287566491669
2020-06-09,-0.32949288561655393
2020-06-10,0.20126246239124404
2020-06-11,-0.793538713733821
2020-06-12,0.14750209495157543
2020-06-15,-0.48222993473146714
2020-06-16,0.4293448145648004
2020-06-17,-0.13408352927724132
2020-06-18,-0.042713385627099185
2020-06-19,0.18791257504189968
2020-06-22,0.04140526225872618
2020-06-23,-0.09556840957517139
2020-06-24,-0.21946198272723041
2020-06-25,-0.053004622086199396
2020-06-26,-0.08370409113360223
2020-06-29,-0.31090734468470105
2020-06-30,-0.1734162319172307
2020-07-01,0.3236514173827081
2020-07-02,-0.00955116311572354
2020-07-03,-0.0034818560694689074
2020-07-06,0.34041073837863295
2020-07-07,0.173408562194185
2020-07-08,0.08823951146787061
2020-07-09,0.204414939710779
2020-07-10,-0.14617390115653198
2020-07-13,0.06298382992858494
2020-07-14,0.038495489090961225
2020-07-15,0.01209640594910244
2020-07-16,-0.008519809528056099
2020-07-17,-0.009230002471255076
2020-07-20,-0.1495892616213655
2020-07-21,0.009211608852412087
2020-07-22,-0.241932771454117
2020-07-23,-0.011200000978617815
2020-07-24,-0.5137207418476505
2020-07-27,-0.7238718670721542
2020-07-28,0.4353479598857218
2020-07-29,-0.408402964435603
2020-07-30,0.22533326657958444
2020-07-31,-0.08462481654117932
2020-08-03,0.24394265384180666
2020-08-04,0.13129463407863567
2020-08-05,0.26610060728124907
2020-08-06,-0.11476184062715891
2020-08-07,0.154318563705967
2020-08-10,0.009805246797271237
2020-08-11,0.17345611579755763
2020-08-12,0.09231173549103022
2020-08-13,0.15450059181979586
2020-08-14,-0.12642253212655719
2020-08-17,-0.007743013728662895
2020-08-18,-0.15174481652203708
2020-08-19,0.03921160885241321
2020-08-20,-0.011675815127069283
2020-08-21,0.45130888625391324
2020-08-24,0.04435073539335771
2020-08-25,0.1291019593762805
2020-08-26,-0.007577636328882607
2020-08-27,0.02274592285435829
2020-08-28,0.15066769470568075
2020-08-31,0.26232006084805265
2020-09-01,0.20559741852295302
2020-09-03,-0.10294056880552811
2020-09-04,0.023326438364647116
2020-09-07,-0.4711286010448784
2020-09-08,0.23700963008907525
2020-09-09,-0.12571091934853945
2020-09-10,-0.006040695444144763
2020-09-11,0.1184348130530201
2020-09-14,-0.00847578420416167
2020-09-15,-0.09725407714564094
2020-09-16,-0.10036013060251028
2020-09-17,0.03802320322198971
2020-09-18,0.2192223327482102
2020-09-21,-0.036721115238726
2020-09-22,0.024285262277870902
2020-09-23,0.19012880598051243
2020-09-24,-0.11733733071588326
2020-09-25,0.083061156680576
2020-09-28,0.419205682034161
2020-09-29,-0.2542895547581862
2020-09-30,-0.024006492619360442
2020-10-01,0.0057486947842059185
2020-10-02,0.15022278344655335
2020-10-05,0.25214043127299707
2020-10-06,-0.1444882335860624
2020-10-07,-0.0961180221961379
2020-10-08,0.04712505534671043
2020-10-09,0.21930798485722597
2020-10-12,0.663458514336331
2020-10-13,0.6602809099089739
2020-10-14,-0.2419010408975861
2020-10-15,0.020124987606922495
2020-10-16,0.4960913032202693
2020-10-19,0.4451382550885503
2020-10-20,-0.016573808387811695
2020-10-21,-0.48167723496188514
2020-10-22,0.4259401779957641
2020-10-23,-0.1144427884273516
2020-10-26,-0.5925420814090683
2020-10-27,0.09356096819614407
2020-10-28,-0.40924523335048696
2020-10-29,-0.3709537685473672
2020-10-30,-0.06967829097311203
2020-11-02,0.6235158131315457
2020-11-03,-0.0950056745196363
2020-11-04,0.18113616220106335
2020-11-05,-0.1696641898345853
2020-11-06,-0.007726363014614346
2020-11-09,0.3175366651777403
2020-11-10,-0.17676274202384618
2020-11-11,-0.045117571497792004
2020-11-12,0.21701442716661998
2020-11-13,0.42166221858577424
2020-11-16,-0.02177474070740612
2020-11-17,0.2679635058880032
2020-11-18,0.11236408617194668
2020-11-19,0.24628856221332962
2020-11-20,-0.05529240399530335
2020-11-23,-0.13552678279004915
2020-11-24,-0.0816008869138511
2020-11-25,0.09747598913979673
2020-11-26,0.4800955045524163
2020-11-27,-0.0034163829539799444
2020-11-30,-0.26078741244363146
2020-12-01,0.17818378354422276
2020-12-02,-0.0826322405015168
2020-12-03,0.013224135541582993
2020-12-04,0.3993246355712743
2020-12-07,-0.00571826600160846
2020-12-08,-0.09222444904407809
2020-12-09,-0.01036013060250864
2020-12-10,-0.24120592779686947
2020-12-11,0.3384407398712702
2020-12-14,0.2792770819679024
2020-12-15,-0.18081831533295548
2020-12-16,0.17407825809296784
2020-12-17,-0.38128085601008854
2020-12-18,0.2204749426960549
2020-12-21,0.10573444260893179
2020-12-22,-0.02442995608689322
2020-12-23,-0.147605010938729
2020-12-24,-0.2711476502977007
2020-12-25,0.3356689694934432
2020-12-28,-0.20126180675726724
2020-12-29,-0.07492961656571305
2020-12-30,0.08639821168946378
2020-12-31,0.08000985244340016
2021-01-04,0.43297790311033113
2021-01-05,-0.0542039026491676
2021-01-06,1.1378861791360073
2021-01-07,0.4692769309311546
2021-01-08,-0.05508584094126269
2021-01-11,-0.001746236356853676
2021-01-12,-0.10084666864675729
2021-01-13,0.049639869397490086
2021-01-14,0.22930798485722756
2021-01-15,0.15354416644534682
2021-01-18,-0.42390771807577643
2021-01-19,-1.260312576999136
2021-01-20,-0.14784021740068343
2021-01-21,0.5969292161884696
2021-01-22,0.27365126634595466
2021-01-25,-0.3658743393404061
2021-01-26,-1.0777287615533877
2021-01-27,-0.91540033156312
2021-01-28,-1.0764326638547437
2021-01-29,0.03551588686102569
2021-02-01,0.6723288273359381
2021-02-02,0.8776637930351289
2021-02-03,0.47052219422592917
2021-02-04,-0.07984186200172921
2021-02-05,0.507902829850057
2021-02-08,-0.8168376702370634
2021-02-09,0.6126340258762035
2021-02-17,0.6411711735580902
2021-02-18,0.007200811227134842
2021-02-19,0.09226629033231705
2021-02-22,-0.008818392640224763
2021-02-23,0.012027404554135219
2021-02-24,0.20058204259666568
2021-02-25,-0.09743130818192729
2021-02-26,-0.03658790952633409
2021-03-01,0.3885371158760822
2021-03-02,-0.056702065985903986
2021-03-03,0.2771676608357882
2021-03-04,-0.14808915044420476
2021-03-05,-0.1457587630460252
2021-03-08,-0.05330320519836809
2021-03-09,-0.3424466841082095
2021-03-10,0.14686570048088976
2021-03-11,0.29585339614604245
2021-03-12,-0.12405997304098575
2021-03-15,0.014951429897173903
2021-03-16,-0.151573512304002
2021-03-17,0.8495708680025237
2021-03-18,0.43526200570320595
2021-03-19,-0.010372425369872144
2021-03-22,0.2981431354630584
2021-03-23,-0.28737895750100634
2021-03-24,-0.6965986334221315
2021-03-25,0.15947111475498194
2021-03-26,-0.18044196433793427
2021-03-29,0.43227363698538335
2021-03-30,0.18130535797443542
2021-03-31,-0.12005817024761214
2021-04-01,0.4127958749965063
2021-04-02,0.11185257205662687
2021-04-05,0.31898300583916717
2021-04-06,0.46530716076780665
2021-04-07,0.00018453390416066535
2021-04-08,-0.19114667159374463
2021-04-09,-0.06121665169266707
2021-04-12,0.3165695159074957
2021-04-13,-0.5476608898991244
2021-04-14,0.32171330046862195
2021-04-15,-0.27646273907685837
2021-04-16,-0.09588844047893468
2021-04-19,0.21496950044603702
2021-04-20,-0.2392359292895032
2021-04-22,-1.3274277799024459
2021-04-23,0.9749731797622678
2021-04-26,-0.7747351546271574
2021-04-27,-0.018050212291967443
2021-04-28,0.026767216031412674
2021-04-29,0.4704797397736009
2021-05-04,1.0254201874866706
2021-05-05,0.16785512520993706
2021-05-06,-0.1997169816463661
2021-05-07,0.41148611729019685
2021-05-10,0.45023590588112083
2021-05-11,-0.2781048224542945
2021-05-12,0.3662754397787567
2021-05-13,0.6885502383106569
2021-05-14,0.23305268028679935
2021-05-17,-0.10504519286009621
2021-05-18,-0.10639995459425433
2021-05-19,0.6675782919628614
2021-05-20,0.41443878604114576
2021-05-21,-0.29377706193890596
2021-05-24,1.3553856172605039
2021-05-25,-0.043329462046898984
2021-05-26,0.19449775215016452
2021-05-27,-0.6087660419593075
2021-05-28,0.44850494418869263
2021-05-31,0.8735729608900104
2021-06-01,-0.2237032634663959
2021-06-02,-0.2755722279487629
2021-06-03,0.7238809990999064
2021-06-04,0.18171936634423874
2021-06-07,-0.9246692829959363
2021-06-08,-1.4141419458337714
2021-06-09,0.6617138926362338
2021-06-10,-0.4887417544980779
2021-06-11,1.5790448116178133
2021-06-14,-0.1943191888494402
2021-06-15,-0.17283517883384864
2021-06-16,-0.7546296136187253
2021-06-17,-0.019340479614594286
2021-06-18,0.2971181498245032
2021-06-21,-0.4168483941328622
2021-06-22,0.7326471483107713
2021-06-23,0.35938418186851284
2021-06-24,0.33687245496634555
2021-06-25,0.17988355225321867
2021-06-28,0.2778802523177602
2021-06-29,-0.23395767021792083
2021-06-30,-0.5665296320271652
2021-07-01,-0.15851725995253424
2021-07-02,0.11915235264928736
2021-07-05,-0.2909049461459285
2021-07-06,-1.679472706623025
2021-07-07,0.8410772080714342
2021-07-08,-0.30213566717131557
2021-07-09,-0.5962740955349344
2021-07-12,-1.5795783866888222
2021-07-13,-0.2737287651311744
2021-07-14,-0.5796671259464518
2021-07-15,0.7614744146904397
2021-07-16,-0.22260839417114797
2021-07-19,-1.4373768490563454
2021-07-20,0.5743046136041916
2021-07-21,-0.27031679388846
2021-07-22,0.38913286226560434
2021-07-23,-0.6005599391710911
2021-07-26,-0.2276371826261192
2021-07-27,0.19792824705199202
2021-07-28,0.21834323412575274
2021-07-29,0.5963325875372218
2021-07-30,0.29968134514586403
2021-08-02,-0.3862419238475452
2021-08-03,0.20245919337869359
2021-08-04,-0.07479612075921109
2021-08-05,0.11366904680070829
2021-08-06,-0.03963921376350993
2021-08-09,0.2323093369522542
2021-08-10,0.05192750026984666
2021-08-11,-0.21476423916593335
2021-08-12,0.04968982153963576
2021-08-13,-0.07284757004344297
2021-08-16,0.470974603174874
2021-08-17,-0.3065557378389453
2021-08-18,-0.06353660528915936
2021-08-19,-0.13549206152713683
2021-08-20,-0.96169486437989
2021-08-23,-0.019881766878534764
2021-08-24,-0.006654071251669688
2021-08-25,-0.3694179574033346
2021-08-26,-0.572313478395825
2021-08-27,-0.05085244442825687
2021-08-30,0.670094525848458
2021-08-31,-0.30421815482444664
2021-09-01,0.14023561578701202
2021-09-06,-0.013779019346820413
2021-09-07,0.3629255524294157
2021-09-08,-0.31642013358778187
2021-09-09,0.15440181727620977
2021-09-10,-0.07378734470384693
2021-09-13,-0.28722910107456945
2021-09-14,-0.39306529812414226
2021-09-15,-0.047873669865526464
2021-09-16,0.27332785819946415
2021-09-17,0.09235576081492111
2021-09-20,0.01647651714540923
2021-09-21,-0.20762166165277632
2021-09-22,-0.10094304465157035
2021-09-23,0.1260472778963756
2021-09-24,0.05999320172935204
2021-09-27,-0.4264748828074766
2021-09-28,-0.04192924317463596
2021-09-29,-0.3473906601007602
2021-09-30,-0.01295466994405457
2021-10-01,-0.4055170375982093
2021-10-04,-0.6429296938729807
2021-10-05,0.4580091020834633
2021-10-06,-0.1367946236171271
2021-10-07,0.028005132673124378
2021-10-08,0.04851213980500953
2021-10-11,0.9214635397578952
2021-10-12,-0.12054583803256257
2021-10-13,-0.05391153644936727
2021-10-14,-0.07225872917612983
2021-10-15,0.01881904827420488
2021-10-18,-0.28041008274465384
2021-10-19,0.048637020160373676
2021-10-20,-0.19392534749377885
2021-10-21,-0.16005322213331785
2021-10-22,-0.0741073756076067
2021-10-25,0.13720238209870353
2021-10-26,-0.009382257436464994
2021-10-27,0.7131051820044695
2021-10-28,0.1165776902277698
2021-10-29,0.12437189309083878
2021-11-01,0.41359411858749406
2021-11-02,0.11616368185796644
2021-11-03,0.34898300583916475
2021-11-04,-0.23443588290514536
2021-11-05,0.054727774998226376
2021-11-08,0.03679317080644132
2021-11-09,0.08191677637404693
2021-11-10,-0.26792024476494375
2021-11-11,-0.3501995502802743
2021-11-12,0.44282819772064674
2021-11-15,-0.13175667015853998
2021-11-16,-0.06235412647698711
2021-11-17,-0.11225872917613255
2021-11-18,-0.07152356016185803
2021-11-19,0.37810052997397753
2021-11-22,1.0126733931799166
2021-11-23,-0.23384719307458324
2021-11-24,0.7866773044179494
2021-11-25,-0.1572195069194783
2021-11-26,-0.5068629364022476
2021-11-29,-0.04665196280700943
2021-11-30,-0.43900732627625877
2021-12-01,0.256274461074803
2021-12-02,-0.13482109683028615
2021-12-03,-0.48576708840304933
2021-12-06,-0.5458561177547946
2021-12-07,0.3372489569981212
2021-12-08,0.15397384682524093
2021-12-09,0.4483334889339101
2021-12-10,-0.1226812139397056
2021-12-13,-0.03253375605204534
2021-12-14,-0.1920017728490835
2021-12-15,-0.10166988830881792
2021-12-16,0.13640653704648523
2021-12-17,0.27007885383836866
2021-12-20,-0.3144965589430866
2021-12-21,-0.28721484889929383
2021-12-22,-0.22755603750053946
2021-12-23,0.32358241598773907
2021-12-24,0.41955068900899706
2021-12-27,0.30020118461820994
2021-12-28,0.31070437337650525
2021-12-29,0.14845484100979883
2021-12-30,-0.2127359631594007
2021-12-31,0.051306487715138106
2022-01-04,0.5071524299565554
2022-01-05,-0.004057574502211732
2022-01-06,-0.46024852371846153
2022-01-07,-0.5035292586360941
2022-01-10,0.03795082458429526
2022-01-11,-0.19787719814500682
2022-01-12,0.6899467778666837
2022-01-13,0.6131730536587301
2022-01-14,0.18829523939152149
2022-01-17,-0.26691049000562533
2022-01-18,-0.28866853621378535
2022-01-19,-0.47683751920031625
2022-01-20,0.7814411132623458
2022-01-21,0.258999946647327
2022-01-24,0.06709371132652318
2022-01-25,0.8257746495592369
2022-01-26,0.3985976408772758
2022-01-27,-0.4512539225311039
2022-01-28,-0.006344075633859539
2022-02-07,-0.3878522220739317
2022-02-08,0.11724161034504879
2022-02-09,-0.10512207848122672
2022-02-10,0.2319750538732154
2022-02-11,0.020849722819510582
2022-02-14,-1.3550211954929812
2022-02-15,0.19938659238667408
2022-02-16,-0.22195490785555627
2022-02-17,0.14273519895856376
2022-02-18,-0.19171744191219392
2022-02-21,-0.12843655595781078
2022-02-22,0.10614958071943675
2022-02-23,0.1392830087861549
2022-02-24,-0.6161489250854597
2022-02-25,-0.012119596645491445
2022-02-28,-0.4505466656997712
2022-03-01,0.076727697690955
2022-03-02,-0.8165424643676256
2022-03-03,0.35517523583287497
2022-03-04,0.06920950040775134
2022-03-07,-0.3621720983631625
2022-03-08,-0.07105607137043086
2022-03-09,-0.056569838977469915
2022-03-10,0.05899035249223563
2022-03-11,0.0802917848415203
2022-03-14,-0.22756098561483645
2022-03-15,0.0201430581557898
2022-03-16,0.01671584405445375
2022-03-17,0.4212065834308478
2022-03-18,0.0646326677914792
2022-03-21,0.028734374869144947
2022-03-22,0.08192510173107119
2022-03-23,-0.09827950391505716
2022-03-24,-0.19874346442700758
2022-03-25,-0.22283331786816957
2022-03-28,-0.26480091783675846
2022-03-29,0.10449721457706784
2022-03-30,0.02694782431042629
2022-03-31,0.23290890171536818
2022-04-01,0.3631849072952325
2022-04-04,-0.122109023786441
2022-04-05,-0.31397079265249306
2022-04-06,0.13559996809847674
2022-04-07,-0.04387299681286161
2022-04-08,-0.30715177432257745
2022-04-12,-0.6626977136170058
2022-04-13,0.2894544640409324
2022-04-14,-0.20860996862050715
2022-04-15,-0.12564813486593351
2022-04-18,-1.1240300488556159
2022-04-19,-0.29125220062279017
2022-04-20,-0.061840751395985764
2022-04-21,0.1653037835250786
2022-04-22,0.24141358761574977
2022-04-25,-1.2642146265449692
2022-04-26,0.16410931201904125
2022-04-27,0.36931914988388637
2022-04-28,-0.06292984490973343
2022-04-29,-0.27291799127322824
2022-05-04,-0.4729796460151283
2022-05-05,0.5316207428374016
2022-05-06,-0.5631413560780675
2022-05-09,-1.144420500989163
2022-05-10,0.0007667713227666184
2022-05-11,0.8901899231493176
2022-05-12,-1.0411703788667492
2022-05-13,-0.6819711600538715
2022-05-16,0.36590491915975626
2022-05-17,1.0216220116354677
2022-05-18,0.22650374071850501
2022-05-19,-0.29902343941721354
2022-05-20,-0.12829262634962688
2022-05-23,-0.5661856037562869
2022-05-24,0.5935443174820973
2022-05-25,0.5357558904005262
2022-05-26,-0.11392099154709545
2022-05-27,0.18926253969851167
2022-05-30,0.16988257354926636
2022-05-31,0.3653654382669751
2022-06-01,-0.0931868012367783
2022-06-02,-0.0037138363254434724
2022-06-03,-0.2312059277968679
2022-06-06,-0.13147360801971467
2022-06-07,0.10543106241921708
2022-06-08,0.16928300878615246
2022-06-09,-0.005891968758413007
2022-06-10,-0.3663559292703614
2022-06-13,-1.152672737545935
2022-06-14,-0.025820266751173993
2022-06-15,-0.49006703317773065
2022-06-16,0.10647074136390881
2022-06-17,-0.7168243967657443
2022-06-20,-0.6034293543518024
2022-06-21,0.2527831936927968
2022-06-22,0.32221085250278153
2022-06-23,1.0083525381867322
2022-06-24,-0.30483099305887656
2022-06-27,0.535898110079783
2022-06-28,0.6593817833297388
2022-06-29,0.09566979716064812
2022-06-30,-0.42678321111148476
2022-07-01,0.4783443638664559
2022-07-04,-0.2231163800069949
2022-07-05,0.24741389326703708
2022-07-06,-0.7212201799721436
2022-07-07,0.2588201780149103
2022-07-08,-0.26003035450690404
2022-07-11,-0.25679491371123814
2022-07-12,0.11395832585189841
2022-07-13,0.5070334764194443
2022-07-14,0.2771998325231766
2022-07-15,0.0021497353339773578
2022-07-18,-0.07455963351980062
2022-07-19,-0.22018882638447793
2022-07-20,0.2873546370639121
2022-07-21,0.26920808057293183
2022-07-22,-0.37180211531724805
2022-07-25,-0.18772876155339066
2022-07-26,-0.04777729386071336
2022-07-27,0.2669204497005788
2022-07-28,0.35227010870591047
2022-07-29,-0.24147615759523808
2022-08-01,0.914821752464266
2022-08-02,-0.06602037739325765
2022-08-03,0.3064227466296745
2022-08-04,-0.1580974758012271
2022-08-05,0.08451484399507112
2022-08-08,-0.011512836266061987
2022-08-09,-0.12797259544586537
2022-08-10,-0.23061708692955482
2022-08-11,0.026370837079615676
2022-08-12,0.07680149616346828
2022-08-15,0.4819001256599969
2022-08-16,-0.16377564210408818
2022-08-17,-0.062157846187886306
2022-08-18,-0.22297724747635522
2022-08-19,-0.32246573336103157
2022-08-22,-0.16601669807702635
2022-08-23,-0.01644256008333355
2022-08-24,0.10771629475279351
2022-08-25,0.3014385636868248
2022-08-26,-0.16477849134120817
2022-08-29,-0.33539117853889056
2022-08-30,0.28471014558022045
2022-08-31,-0.1029474743277354
2022-09-05,-0.18497124335083384
2022-09-06,0.1672523342408468
2022-09-07,-0.5612808560100881
2022-09-08,-0.32106679526622817
2022-09-09,-0.02212410362892552
2022-09-12,0.104842221551904
2022-09-13,0.2714385636868201
2022-09-14,-0.305035447668256
2022-09-15,-0.07712919679027376
2022-09-16,-0.44557771363615484
2022-09-19,-0.4445297093344335
2022-09-20,0.2890036259635555
2022-09-21,-0.294658117969279
2022-09-22,-0.09641900384707784
2022-09-23,-0.25538975870407177
2022-09-26,-0.9332615784132474
2022-09-27,-0.0517803654521566
2022-09-28,-0.12637213885354878
2022-09-29,-0.44098467143669334
2022-09-30,0.35493140194039796
2022-10-03,-0.9941442053151837
2022-10-04,-0.5313368740278466
2022-10-05,0.728353130354343
2022-10-06,-0.37242043923907
2022-10-07,-0.8890208898416929
2022-10-10,0.4363210359742211
2022-10-11,-0.5716362967866095
2022-10-12,0.8139628328353338
2022-10-13,0.7575545846898563
2022-10-14,0.20173557592742414
2022-10-17,-0.09413039427076883
2022-10-18,0.27296717921453545
2022-10-19,0.11101270168051772
2022-10-20,0.026468191788384776
2022-10-21,-0.9871767503936499
2022-10-24,-0.4174442795797434
2022-10-25,0.8593809556625313
2022-10-26,-0.039151406921195085
2022-10-27,0.956140814231553
2022-10-28,0.058008800009964605
2022-10-31,0.3479894606630303
2022-11-01,-0.09559931246449543
2022-11-02,-0.2842527250506102
2022-11-03,-0.25360418684931085
2022-11-04,0.5333254596606909
2022-11-07,-0.7191895054268379
2022-11-08,0.3042090652665839
2022-11-09,0.35031225392915843
2022-11-10,-1.040851616761052
2022-11-11,0.508149213318058
2022-11-14,0.15618317224164818
2022-11-15,-0.3087067857561809
2022-11-16,0.8509888553501503
2022-11-17,0.1222083029272583
2022-11-18,-0.18302764074936095
2022-11-21,-0.3688814672169402
2022-11-22,-0.14608569947199576
2022-11-23,0.2928305962594194
2022-11-24,0.1107307692823958
2022-11-25,0.7370070805135531
2022-11-28,0.9189045493464719
2022-11-29,0.07158332096221341
2022-11-30,-0.08254942806213679
2022-12-01,-0.6892823531521735
2022-12-02,1.092969728790058
2022-12-05,0.38770331137558695
2022-12-06,-0.9662242944295406
2022-12-07,0.1992020146973212
2022-12-08,0.2546057343124956
2022-12-09,0.14658121850724565
2022-12-12,-0.3732748518845647
2022-12-13,0.41993605397088674
2022-12-14,-0.16255251521075587
2022-12-15,0.20685002847079767
2022-12-16,-0.1304850109578738
2022-12-19,-0.3168448658533825
2022-12-20,0.26559996809847575
2022-12-21,-0.32275951939565767
2022-12-22,0.05278515110070954
2022-12-23,0.015356134205995176
2022-12-26,-0.988254527843983
2022-12-27,0.3225557204202532
2022-12-28,0.3157192117297029
2022-12-29,-0.09056968436293614
2022-12-30,0.14574727494939127
2023-01-03,0.4500788538383683
2023-01-04,0.30704517901919476
2023-01-05,0.00132891421068977
2023-01-06,0.055979255205362316
2023-01-09,0.29092465103272863
2023-01-10,-0.33594192090055697
2023-01-11,0.3229731060327857
2023-01-12,-0.13269051800068918
2023-01-13,0.11531068904728695
2023-01-16,0.5492830087861551
2023-01-17,0.35736281138418574
2023-01-18,0.10355347050632469
2023-01-19,0.20773392417080122
2023-01-27,-0.4659942715814782
2023-01-30,-0.37975703755991747
2023-01-31,0.4389786498924795
2023-02-01,-0.9322955588837045
2023-02-02,0.11079370480175088
2023-02-03,-0.11508735721831595
2023-02-06,0.5217954242981623
2023-02-07,-0.446666366019031
2023-02-08,0.4361624130598954
2023-02-09,-0.3237242701271274
2023-02-10,-0.194340775698401
2023-02-13,0.023214831480602494
2023-02-14,-0.29265961511136174
2023-02-15,0.10873099762641242
2023-02-16,0.4764089355852617
2023-02-17,-0.03323675337892528
2023-02-20,0.488955631229323
2023-02-21,-0.37593119700476235
2023-02-22,-0.583956540477217
2023-02-23,0.0387966217786556
2023-02-24,-0.47949386432051033
2023-02-27,-0.44245148118575695
2023-02-28,-0.1115352627616123
2023-03-01,0.5019157976700909
2023-03-02,-0.27675201812804856
2023-03-03,-0.00256113066189006
2023-03-06,0.31556073985212457
2023-03-07,0.39323725797615583
2023-03-08,0.24976459871610607
2023-03-09,-0.00026277589373972267
2023-03-10,-0.1350985222449703
2023-03-13,0.05929726096142501
2023-03-14,-0.20132488133397966
2023-03-15,0.30004075533272306
2023-03-16,-0.3503470081679381
2023-03-17,0.023067083498828515
2023-03-20,-0.6254397108462165
2023-03-21,0.16572484845383845
2023-03-22,0.11099507226251137
2023-03-23,0.114757548146844
2023-03-24,-0.12622625183745284
2023-03-27,0.1415384679711124
2023-03-28,0.07953996511319988
2023-03-29,0.05387605098561474
2023-03-30,-0.007458682791769708
2023-03-31,0.11148851582896922
2023-04-03,0.4614385636868214
2023-04-04,-0.19340805759695695
2023-04-05,0.2172259383349594
2023-04-06,-0.2911178771490814
2023-04-07,-0.03803567002258143
2023-04-10,-0.10487584604997677
2023-04-11,0.139100980672326
2023-04-12,-0.06992114616163474
2023-04-13,-0.06740873064962279
2023-04-14,-0.20118095172579753
2023-04-17,0.047705570857001035
2023-04-18,-0.07248831089333488
2023-04-19,-0.24902539682512484
2023-04-20,0.01727731031191745
2023-04-21,-0.10364341509565884
2023-04-24,0.17017875812265848
2023-04-25,-0.2496641898345836
2023-04-26,-0.07841157988674079
2023-04-27,-0.04449993618581781
2023-04-28,0.29889637502619754
2023-05-04,-0.37747293496704626
2023-05-05,-0.24718987282821833
2023-05-08,0.01170879348518716
2023-05-09,0.046356584904343294
2023-05-10,0.1414635397578939
2023-05-11,0.05277329746420351
2023-05-12,0.023619094658566275
2023-05-15,-0.18825452784398422
2023-05-16,-0.10059211085848298
2023-05-17,-0.29359346295351446
2023-05-18,0.1463958131506895
2023-05-19,0.1367515440213249
2023-05-22,-0.035430406785238185
2023-05-23,-0.03715177432257787
2023-05-24,-0.10038510667358136
2023-05-25,-0.11089901932767399
2023-05-26,0.11793755111297226
2023-05-29,0.10972792004528117
2023-05-30,0.023773748162545745
2023-05-31,-0.03717675039364717
2023-06-01,-0.03930732922324772
2023-06-02,0.41961489332641827
2023-06-05,0.053554890341142705
2023-06-06,-0.03135127723986956
2023-06-07,0.11123155950191832
2023-06-08,-0.21910032503834218
2023-06-09,-0.13923240101003068
2023-06-12,0.015525039885257292
2023-06-13,-0.07166748977004377
2023-06-14,0.24043571444970616
2023-06-15,0.17147426365369242
2023-06-16,-0.3035567842826881
2023-06-19,0.05107450745916357
2023-06-20,0.3455357637810564
2023-06-21,-0.025428008246467165
2023-06-22,0.1767060988626109
2023-06-23,-0.12840678280919196
2023-06-26,-0.007383754578551238
2023-06-27,0.04825518347796227
2023-06-28,0.39092465103273005
2023-06-29,-0.06508539981040325
2023-06-30,-0.25291799127322867
2023-07-03,-0.1628083417970945
2023-07-04,0.10463521736699877
2023-07-05,0.04874412006098758
2023-07-06,-0.1269197940666033
2023-07-07,0.1404606905207811
2023-07-10,0.04953996511319879
2023-07-11,0.3636190946585662
2023-07-12,-0.185342356137448
2023-07-13,-0.004484705306585346
2023-07-14,-0.07282259397237367
2023-07-17,-0.14010317427546035
2023-07-18,0.0782194835110932
2023-07-19,0.02884642288404879
2023-07-20,-0.16762998700980142
2023-07-21,0.01975882293460535
2023-07-24,0.0777936215047874
2023-07-25,0.03172049608494185
2023-07-26,-0.07762998700980157
2023-07-27,-0.27947030808425344
2023-07-28,0.07684072440981661
2023-07-31,0.2963316088332705
2023-08-01,0.234682619933623
2023-08-02,0.3980349058217407
2023-08-03,-0.09185206745939617
2023-08-04,0.056825052399726274
2023-08-07,0.969307984857226
2023-08-08,-0.00011757748748619096
2023-08-09,-0.05198556326589894
2023-08-10,-0.5301031742754608
2023-08-11,0.2648790512594794
2023-08-14,0.10346825952816988
2023-08-15,0.05646819178838769
2023-08-16,-0.03691979406660344
2023-08-17,0.14123155950192304
2023-08-18,-1.1688433687112976
2023-08-21,0.7731695373586404
2023-08-22,-0.2936597757155951
2023-08-23,-0.15771113213538315
2023-08-24,0.2641903061078715
2023-08-25,-0.38006507576981563
2023-08-28,-0.007728761553387389
2023-08-29,0.04376444410156685
2023-08-30,0.5209246510327291
2023-08-31,0.2060280776068049
2023-09-05,0.12172980014592023
2023-09-06,-0.004789215237005306
2023-09-07,-0.007433706720696948
2023-09-08,-0.21958926162136755
2023-09-11,-0.2613879559106979
2023-09-12,0.23449721457706685
2023-09-13,0.13806130172763428
2023-09-14,0.39618625939026386
2023-09-15,-0.28346873363489616
2023-09-18,-0.4248023376715773
2023-09-19,0.011783721698409215
2023-09-20,-0.04687674744666484
2023-09-21,-0.22930732922324543
2023-09-22,-0.04201249674488226
2023-09-25,-1.1537980685996425
2023-09-26,0.2901075092256702
2023-09-27,0.40258818220175885
2023-09-28,-0.09033770410695806
2023-09-29,-0.4926360588751105
2023-10-02,-0.07540288113864058
2023-10-03,-0.5489050234531975
2023-10-04,-0.13520660084953845
2023-10-05,-0.5101374544075127
2023-10-06,0.3540582301361917
2023-10-09,0.2647780172344794
2023-10-10,0.08945529170813996
2023-10-11,0.11621123546133905
2023-10-12,0.053055229862327184
2023-10-13,-0.1869197940666055
2023-10-16,-0.3200532221333144
2023-10-17,-0.13547780935186135
2023-10-18,-0.1761856037562864
2023-10-19,0.14688474973371127
2023-10-20,0.47890709892199457
2023-10-23,-0.06251823507870312
2023-10-24,0.11869867490227469
2023-10-25,-0.3196392137635111
2023-10-26,-0.41008892210018794
2023-10-27,-0.10858386280872773
2023-10-30,-0.35754531360474123
2023-10-31,0.015881900496595873
2023-11-01,-0.19543971084621686
2023-11-02,0.5094078891415165
2023-11-03,-0.1583686843035499
2023-11-06,0.338466694646299
2023-11-07,-0.00937153354066771
2023-11-08,0.4265181439305308
2023-11-09,0.14409377906631002
2023-11-10,-0.06058040825872876
2023-11-13,-0.007408730649624094
2023-11-14,0.22933296092829686
2023-11-15,0.24246638899501177
2023-11-16,0.026863150905368283
2023-11-17,-0.3448415659179238
2023-11-20,-0.10196254460273531
2023-11-21,-0.10646753615440627
2023-11-22,0.10802320322199001
2023-11-23,-0.2601781024886798
2023-11-24,0.24042499055390884
2023-11-27,-0.13193869827236884
2023-11-28,-0.06612634755316282
2023-11-29,0.04774127082387111
2023-11-30,-0.010153126417606996
2023-12-01,-0.008511484171031761
2023-12-04,0.16041073837863146
2023-12-05,-0.04813317576809775
2023-12-06,0.10312183271851849
2023-12-07,0.16063439327758522
2023-12-08,-0.006157250442484606
2023-12-11,-0.036535558845418925
2023-12-12,0.09015378205158739
2023-12-13,-0.17927162925637816
2023-12-14,-0.009249051724076633
2023-12-15,-0.05264296439731476
2023-12-18,-0.44993187005743107
2023-12-19,0.2859235272817168
2023-12-20,0.025076600346649634
2023-12-21,-0.0038577659336291132
2023-12-22,-0.07887074332114374
2023-12-25,0.2998111736155252
2023-12-26,-0.07819145326726878
2023-12-27,0.03537969044225241
2023-12-28,0.15949593978930734
2023-12-29,-0.007414657467875327
2024-01-02,0.0634644411545825
2024-01-03,0.2610103031417433
2024-01-04,0.6839807523474476
2024-01-05,0.2711707324272281
2024-01-08,0.38511778600091295
2024-01-09,0.3085155170477384
2024-01-10,0.6798918776102431
2024-01-11,0.0018035986184360229
2024-01-12,0.35262554948243024
2024-01-15,-0.076591437805815
2024-01-16,-0.0039017912575234947
2024-01-17,-0.18084666864675913
2024-01-18,0.22895465252536715
2024-01-19,0.739412686219063
2024-01-22,0.04114575635615492
2024-01-23,-0.3057744350561161
2024-01-24,-0.15152595870063293
2024-01-25,0.01364309202567979
2024-01-26,0.02815288065490185
2024-01-29,0.13129223553986438
2024-01-30,-0.07767161379492288
2024-01-31,-0.4276740123336974
2024-02-01,0.2955559427745789
2024-02-02,-0.2544784883942206
2024-02-05,1.5039236045889868
2024-02-06,0.349033097038673
2024-02-07,0.7705326280276137
2024-02-15,-0.3368783183182302
2024-02-16,0.17097078480128503
2024-02-19,0.08575941868000152
2024-02-20,-0.1356790377552591
2024-02-21,0.23109355671198484
2024-02-22,0.0901312045192876
2024-02-23,-0.34442163072986925
2024-02-26,0.289294862422656
2024-02-27,0.33687289609720655
2024-02-28,-0.14120255055413725
2024-02-29,-0.2745013560206371
2024-03-01,0.015583317384427212
2024-03-04,0.2558176961791731
2024-03-05,0.30326223404722885
2024-03-06,-0.24208404771537273
2024-03-07,-0.20607639541101416
2024-03-08,-0.9056134136030223
2024-03-11,-0.2608048908248851
2024-03-12,0.21236805558228555
2024-03-13,0.42815527919367347
2024-03-14,-0.48150945902333364
2024-03-15,0.20420313844833307
2024-03-18,-1.0164127869347146
2024-03-19,-0.014382251446771646
2024-03-20,0.6924477808730506
2024-03-21,0.3765776902277678
2024-03-22,0.5565988479252522
2024-03-25,-0.6880524717733795
2024-03-26,0.3443803694846164
2024-03-27,0.18101412151533322
2024-03-28,0.16841081568590402
2024-03-29,-0.13454058426698481
2024-04-01,-0.38764903626262187
2024-04-02,-0.015179226239691656
2024-04-03,-0.6664151854734862
2024-04-04,-0.3651566487073932
2024-04-05,-0.2642630078155452
2024-04-08,0.1920680526352985
2024-04-09,0.4978983228666265
2024-04-10,-0.4114487829853904
2024-04-11,0.03606011023683251
2024-04-12,1.4933885342374096
2024-04-15,-1.6759372748597616
2024-04-16,0.41314524989741225
2024-04-17,-0.966255293761097
2024-04-19,-0.7701900951825464
2024-04-22,0.4571956276132457
2024-04-23,-0.5690441559838366
2024-04-24,0.9845017215604994
2024-04-25,0.029010670543123847
2024-04-26,-0.13146332525477483
2024-05-02,-0.3200698728473665
2024-05-03,0.015240708948364136
2024-05-06,0.535099177878951
2024-05-07,-0.2743395069003314
2024-05-08,-0.14202224193672316
2024-05-09,0.19436161032590274
2024-05-10,-0.05030538138281612
2024-05-13,-0.37615964898125515
2024-05-14,-0.013476907955173461
2024-05-15,0.013764444101565715
2024-05-16,0.5706676947056825
2024-05-17,-0.06408255057328684
2024-05-20,0.17031534107777774
2024-05-21,0.19078904678156577
2024-05-22,-0.44482251666510364
2024-05-23,0.16023463708305738
2024-05-24,-0.536036877070554
2024-05-27,-0.08098946851423817
2024-05-28,-0.14952956428737857
2024-05-29,-0.391960146063965
2024-05-30,0.08482077376030979
2024-05-31,0.05444133561667023
2024-06-03,0.4728065988923023
2024-06-04,0.1357794466367816
2024-06-05,-0.27976791249246785
2024-06-06,0.1305272933769737
2024-06-07,0.12658023980329178
2024-06-10,0.4741246819556324
2024-06-11,-0.2129631463378256
2024-06-12,0.20723426369197856
2024-06-13,0.2584372115917955
2024-06-14,-0.7535044336017687
2024-06-17,-0.051163171271045124
2024-06-18,-0.2934040881866156
2024-06-19,0.08737961313498559
2024-06-20,-0.21358273905771533
2024-06-21,-0.009506008051123926
2024-06-24,-0.3931818531224856
2024-06-25,-0.05284404176396517
2024-06-26,-0.21675779390955016
2024-06-27,-0.012020822101905368
2024-06-28,-0.22318185312248387
2024-07-01,0.6786120440893034
2024-07-02,0.2025485128245502
2024-07-03,0.03460387334681346
2024-07-04,-0.03556008421814483
2024-07-05,0.26069267077675295
2024-07-08,-0.07781554340310859
2024-07-09,0.06466117214203022
2024-07-10,-0.22024710388364788
2024-07-11,-0.14013054888530618
2024-07-12,-0.15447496011474446
2024-07-15,0.05687642437668718
2024-07-16,0.2584954890909618
2024-07-17,0.3439807523474477
2024-07-18,0.3082585607206946
2024-07-19,-0.04064701111492338
2024-07-22,0.16563664676929873
2024-07-23,-0.8688516940683212
2024-07-24,-0.14390164022077317
2024-07-25,-0.4761508824933748
2024-07-26,0.3242212089971978
2024-07-29,0.025239579207660418
2024-07-30,-0.07313924763340612
2024-07-31,-0.009470308084253786
2024-08-01,-0.39084666864676
2024-08-02,0.05715595823603426
2024-08-05,-0.9758156207103746
2024-08-06,0.25344554293850957
2024-08-07,-0.26452109388330125
2024-08-08,-0.006794913711238184
2024-08-09,0.8860996285772959
2024-08-12,0.1281194281900517
2024-08-13,0.11769087755086127
2024-08-14,-0.046311903946466774
2024-08-15,0.032044055268183345
2024-08-16,0.4300348285144744
2024-08-19,0.10489794947554991
2024-08-20,0.36925661288026373
2024-08-21,0.6855557917378285
2024-08-22,0.2729670281777863
2024-08-23,0.2451177860009124
2024-08-26,-0.24268361247848313
2024-08-27,0.17266619756359766
2024-08-28,0.017641366539575157
2024-08-29,0.06390102705668563
2024-08-30,0.021549191866912242
2024-09-04,0.1619251017310695
2024-09-05,-0.20759428704293043
2024-09-06,0.3317513989742666
2024-09-09,-0.040269681415947944
2024-09-10,-0.3537388123965141
2024-09-11,-0.013125974162086142
2024-09-12,0.024123703251678903
2024-09-13,-0.07924665318530391
2024-09-16,-0.17947030808425202
2024-09-17,0.18769724549997377
2024-09-18,0.5090700777829995
2024-09-19,0.198457239548569
2024-09-20,0.0014645184618511699
2024-09-23,-0.06599667012024911
2024-09-24,0.08989682572453654
2024-09-25,-0.04981051798154303
2024-09-26,0.27186442569312946
2024-09-27,0.4020904791308518
2024-09-30,-0.031047897050158334
2024-10-01,-0.3124814053711243
2024-10-02,-0.3627833657260245
2024-10-03,0.12184439773635157
2024-10-04,-0.42467716722209964
2024-10-07,0.1294138159597687
2024-10-08,-0.05575494467243353
2024-10-09,0.23258294399335008
2024-10-10,0.03174787069478769
2024-10-11,0.06506445661603623
2024-10-14,-0.14827117855803362
2024-10-15,0.060469015877803504
2024-10-16,0.08849548909096368
2024-10-17,0.1625246664941799
2024-10-18,-0.20633688001753972
2024-10-21,-0.5282486010257328
2024-10-22,-0.357635762791303
2024-10-23,0.008157828769195765
2024-10-24,-0.14543971084621615
2024-10-25,-0.19016385031340752
2024-10-28,0.05653381594062408
2024-10-29,0.15777697079074063
2024-10-30,-0.13687576874270688
2024-10-31,0.6423509637373759
2024-11-01,-0.07635705901106749
2024-11-04,0.07148709599415123
2024-11-05,-0.4602471038836463
2024-11-06,0.5778138004983142
2024-11-07,-0.2226191180669488
2024-11-08,-0.41078981098240486
2024-11-11,-0.05687321916718463
2024-11-12,-0.317296682634719
2024-11-13,-0.12287734319206253
2024-11-14,-0.5259203220722162
2024-11-15,-0.3559334445067849
2024-11-18,0.10833745834425296
2024-11-19,0.02541681024393973
2024-11-20,0.43308853129041974
2024-11-21,0.6848979494755518
2024-11-22,0.004224435203177406
2024-11-25,0.07280517905748496
2024-11-26,0.1210103031417427
2024-11-27,-0.10721837717876884
2024-11-28,0.16188940176419936
2024-11-29,0.23007052848134524
2024-12-02,0.06552009177096096
2024-12-03,0.035321412943082484
2024-12-04,-0.4279892461599146
2024-12-05,0.7475318681001958
2024-12-06,-0.11062414348851383
2024-12-09,0.13320606499272022
2024-12-10,-0.08027207995472013
2024-12-11,-0.00785364190875144
2024-12-12,-0.04084666864675856
2024-12-13,0.020153782051587115
2024-12-16,-0.06987119401948913
2024-12-17,-0.009564285550293877
2024-12-18,-0.010667039071701643
2024-12-19,-0.04958926162136585
2024-12-20,-0.039931870057430915
2024-12-23,0.05943526375136301
2024-12-24,-0.049528585583422914
2024-12-25,1.361325536967962
2024-12-26,0.0014265590135706958
2024-12-27,0.43501999016127835
2024-12-30,0.06400812695729595
2024-12-31,-0.76144525470591
2025-01-02,0.19515858511882272
2025-01-03,-0.641442415036275
2025-01-06,-0.011127471304172387
2025-01-07,0.14927370472517087
2025-01-08,0.23186682423190338
2025-01-09,-0.28447990822904046
2025-01-10,0.062323589127531616
2025-01-13,0.12598067504018137
2025-01-14,-0.5171327250697567
2025-01-15,-0.15144270513039018
2025-01-16,0.010050500524566961
2025-01-17,0.2681528806549003
2025-01-20,0.06334788615624265
2025-01-21,-0.003960068756693417
2025-01-22,-0.00833185459597598
2025-01-23,0.5404107383786305
2025-01-24,-0.07487839562549961
2025-02-03,0.0296908002435939
2025-02-04,0.9194102876802897
2025-02-05,-0.04108472675773167
2025-02-06,0.1167736804227606
2025-02-07,0.8806343932775842
2025-02-10,-0.33999029859334895
2025-02-11,0.27348559885206436
2025-02-12,-0.15338406022983922
2025-02-13,0.2340616073789215
2025-02-14,-0.21004842505577248
2025-02-17,-0.2869911940003401
2025-02-18,0.09441988782507477
2025-02-19,0.11632328347624295
2025-02-20,0.23350014112145426
2025-02-21,0.4448015734707367
2025-02-24,0.2685761930856822
2025-02-25,-0.029193323800430285
2025-02-26,-0.34499621942190684
2025-02-27,0.08695967794693103
2025-02-28,-0.014840146083106742
2025-03-03,-0.17779296587081023
2025-03-04,0.22895465252536715
2025-03-05,-0.2905873137809382
2025-03-06,0.30232358912753005
2025-03-07,0.5080363256565625
2025-03-10,0.030433164874181302
2025-03-11,0.10000843260858452
2025-03-12,0.03180614819395758
2025-03-13,-0.24745035743474386
2025-03-14,-0.010926393937521943
2025-03-17,0.186099628577293
2025-03-18,-0.4178762194410514
2025-03-19,-0.3195084065898957
2025-03-20,0.02039071042185507
2025-03-21,0.01518482998796367
2025-03-24,0.09138621300590526
2025-03-25,0.3418061481939598
2025-03-26,-0.38479514205525905
2025-03-27,-0.10655700663701029
2025-03-28,-0.1872717065636472
2025-03-31,0.047158356774809326
2025-04-01,0.2678709482567766
2025-04-02,0.06388677488141009
2025-04-03,-1.9939600687566919
2025-04-04,-0.2653766242901164
2025-04-08,-1.907391197673852
2025-04-09,-1.5298316636996396
2025-04-10,1.5541518210658853
2025-04-11,1.5172562916718026
2025-04-14,-0.03747847524895176
2025-04-15,-0.3525258718258823
2025-04-16,-0.39401579668034
2025-04-17,0.01050966395896636
2025-04-18,0.12384177085356014
2025-04-21,-0.14785124336997907
2025-04-22,-0.10827357709680394
2025-04-23,0.12703940323769472
2025-04-24,0.049813572154294695
2025-04-25,-0.17656053491649235
2025-04-28,-0.20996757002429925
2025-04-29,0.22564399342237096
2025-05-05,0.08887379749389336
2025-05-06,0.16557836927013234
2025-05-07,-0.10633688001754188
2025-05-08,0.06260792006442477
2025-05-09,-0.08078599260881478
2025-05-12,0.2610685806409132
2025-05-13,1.0614659382966687
2025-05-14,0.1444255125698284
2025-05-15,0.1108302324358279
2025-05-16,-0.5262179264804271
2025-05-19,0.05775312446036813
2025-05-20,0.2616695652388423
2025-05-21,-0.04593359554353359
2025-05-22,-0.41490224195586706
2025-05-23,-0.043819516391237705
2025-05-26,0.2927889694742998
2025-05-27,0.23252706503295317
2025-05-28,-0.041965094178257
2025-05-29,-0.4456207602560915
2025-05-30,-0.43407647271828204
2025-06-02,0.048909648497515265
2025-06-03,0.09346586098939887
2025-06-04,-0.04738968139680165
2025-06-05,0.032044055268183345
2025-06-06,-0.2599651714855269
2025-06-09,-0.1410120460465403
2025-06-10,-0.12519347841496659
2025-06-11,0.09713338070373359
2025-06-12,0.3293769862521962
2025-06-13,0.9552988354107809
2025-06-16,0.28474074639604624
2025-06-17,0.04005343663643439
2025-06-18,-0.14430267719275708
2025-06-19,0.369750497577579
2025-06-20,0.40115070447045126
2025-06-23,0.040748398700400076
2025-06-24,0.12811815939198742
2025-06-25,0.10224273409606102
2025-06-26,0.12368809605353144
2025-06-27,0.033500141121451436
2025-06-30,-0.04691146870957717
2025-07-01,-0.009213351757206528
2025-07-02,-0.010307779921589953
2025-07-03,0.40041073837863345
2025-07-04,0.1339224748482805
2025-07-07,1.1689746804821408
2025-07-08,0.002946849184259942
2025-07-09,0.42142739866016393
2025-07-10,-0.0060775251517200864
2025-07-11,-0.2722244490440778
2025-07-14,-0.22190186856479338
2025-07-15,-0.11623795443720282
2025-07-16,0.5357819962123042
2025-07-17,0.023325308623940173
2025-07-18,0.04054732133375322
2025-07-21,0.09129223553986168
2025-07-22,0.2619857777690139
2025-07-23,0.03451964107261639
2025-07-24,0.025603345341204557
2025-07-25,-0.07861378699409642
2025-07-28,-0.009649937659309632
2025-07-29,-1.2408466686467579
2025-07-30,1.619875528969694
2025-07-31,-0.21763675347464498
2025-08-01,-1.0818430534925296
2025-08-04,0.9073964148857819
2025-08-05,0.558617131260962
2025-08-06,0.7020841111817403
2025-08-07,0.2467392492539609
2025-08-08,-0.10513917032614335
2025-08-11,-0.13622032501919606
2025-08-12,0.3273213356358105
2025-08-13,1.0909877256094453
2025-08-14,0.4159398759222695
2025-08-15,-0.8063182718955805
2025-08-18,-0.3592479219833728
2025-08-19,0.7326832894085024
2025-08-20,0.670633263536878
2025-08-21,0.8398869294959461
2025-08-22,-0.6102653254692596
2025-08-25,-1.2399904376507136
2025-08-26,1.41865284320722
2025-08-27,-0.08944377312100145
2025-08-28,0.3558574619986127
2025-08-29,-0.217934496940215
2025-09-03,-0.48528055035880413
2025-09-04,0.26252721606970536
2025-09-05,-0.49581322217160123
2025-09-08,-0.558670934752565
2025-09-09,0.04707765278008699
2025-09-10,0.6011306765136712
2025-09-11,0.05697857616300408
2025-09-12,-0.12793831531380692
2025-09-15,0.8103750384117565
2025-09-16,0.6150990268422055
2025-09-17,-0.7495492057078099
2025-09-18,-0.13496178825310715
2025-09-19,-0.024354586742813773
2025-09-22,-1.3219244460970947
2025-09-23,0.4591903120975712
2025-09-24,0.32099056527907266
2025-09-25,-0.13796921820312896
2025-09-26,0.26549864397936207
2025-09-29,0.2002085312712786
2025-09-30,-0.1429405688055291
2025-10-01,0.4729838299285886
2025-10-02,-0.0079927744393911
2025-10-03,-0.4809670420186914
2025-10-06,1.0862994371458776
2025-10-07,-0.5587897492323154
2025-10-08,0.8954591256389063
2025-10-09,1.428154149452972
2025-10-10,0.15873167425687262
2025-10-13,0.567476526712889
2025-10-14,-0.8323635815747161
2025-10-15,0.2731812399583953
2025-10-16,-0.7221002572985606
2025-10-17,-1.1105552811509092
2025-10-20,-2.31158506386701
2025-10-21,0.6711228042669036
2025-10-22,0.3356221471150381
2025-10-23,-0.5434011520747456
2025-10-24,0.06252579623488715
2025-10-27,-0.8488693234863244
2025-10-28,0.26455902035570905
2025-10-29,0.42789974270144493
2025-10-30,-0.3107052886140965
2025-10-31,-0.1441611461233444
2025-11-03,-0.3663569079743122
2025-11-04,0.9848981005123
2025-11-05,0.9326889141532547
2025-11-06,-0.12357500586830314
2025-11-07,-1.4439032110923435
2025-11-10,-0.7145236314794327
2025-11-11,0.2984544544734551
2025-11-12,0.4709284694063131
2025-11-13,-0.24928490272769616
2025-11-14,-0.2029287151690218
2025-11-17,0.18420695682191823
2025-11-18,0.368531189057835
2025-11-19,-0.03274188997765226
2025-11-20,-0.17302029409629466
2025-11-21,-0.011584236199802294
2025-11-24,-0.22264296439731648
2025-11-25,-0.46138795591069365
2025-11-26,0.5027841723967476
2025-11-27,-0.05321868283005746
2025-11-28,0.10940886784547205
2025-12-01,-0.4293656067224111
2025-12-02,0.43878927512558064
2025-12-03,2.026720641131998
2025-12-04,0.015967099495362264
2025-12-05,-0.31294482830997644
2025-12-08,-0.292501433327904
2025-12-09,-0.7080949262257037
2025-12-10,0.24947111475497824
2025-12-11,-0.28967109535678826
2025-12-12,-0.4270518700382872
2025-12-15,0.12196335127346448
2025-12-16,0.8840654257525083
2025-12-17,-0.549365757759163
2025-12-18,-0.34813346586221205
2025-12-19,0.07753328793501285
2025-12-22,0.6849802243418333
2025-12-23,-0.15179731823970316
2025-12-24,0.301700026997301
2025-12-25,-0.309714141976728
2025-12-26,0.19323006235983747
2025-12-29,0.0867348933072686
2025-12-30,0.34485985096990873
2025-12-31,0.09520485794474477
2026-01-05,-0.25244570540425537
2026-01-06,0.6900657314038001
2026-01-07,1.2419156466333419
2026-01-08,0.763691322259512
2026-01-09,2.5692883434367904
2026-01-12,0.7757242443068412
2026-01-13,-0.15735981180595354
2026-01-14,0.1521699143275098
2026-01-15,-1.4618970714872492
2026-01-16,-0.4193143738028148
2026-01-19,0.36093836563490755
2026-01-20,-0.36334836026296996
2026-01-21,0.5445980975653183
2026-01-22,-0.3111654307524571
2026-01-23,-0.9022791982637685
2026-01-26,-0.8226868386844578
2026-01-27,0.01739190790234533
2026-01-28,0.12646863291924543
2026-01-29,-0.10740633211085254
2026-01-30,0.44224866091431564
2026-02-02,0.5924687875337863
2026-02-03,0.3536331957970928
2026-02-04,-0.0958136633024671
2026-02-05,-1.0041587475845708
2026-02-06,-1.2199507682735047
2026-02-09,-0.3378304722088381
2026-02-10,-0.033714373898537854
2026-02-11,0.7850218511269561
2026-02-12,0.09726290709989638
2026-02-13,0.6056376254732577
2026-02-23,0.09734616067013918
2026-02-24,-0.4979549660278599
2026-02-25,0.28792442867840007
2026-02-26,-0.016001177103684424
2026-02-27,-0.2542003743696923
2026-03-02,-1.4117305643467595
2026-03-03,-0.9760712962599728
2026-03-04,0.4571256475143207
2026-03-05,-0.22237146580087652
2026-03-06,-0.5523208250488955
2026-03-09,-2.467892719118346
2026-03-10,1.8095463450416938
2026-03-11,0.012247132657880175
2026-03-12,-0.7759295296909661
2026-03-13,-0.3155432824673464
2026-03-16,0.12347080910369336
2026-03-17,0.2363066327621954
2026-03-18,0.5952464847298663
2026-03-19,-0.34995939570402645
2026-03-20,-1.0518093109335669
2026-03-23,-1.1248697681949775
2026-03-24,1.012127901006035
2026-03-25,0.4796449565691494
2026-03-26,-0.23644555078971746
2026-03-27,0.9972509144060299
2026-03-30,-0.7555147900961849
2026-03-31,0.5519497877080365
2026-04-01,0.13164938624531308
2026-04-02,-0.448424853358063
2026-04-03,-0.5107491629012392
2026-04-06,-0.12195519794966138
2026-04-07,-0.019427261464315195
2026-04-08,1.7886144426280723
2026-04-09,-0.4941718819985279
2026-04-10,0.018461456437891682
2026-04-13,-0.21857074037416038
2026-04-14,0.08869769619831927
2026-04-15,0.13767466796767322
2026-04-16,-0.4565081842355677
2026-04-17,0.23925083709876085
2026-04-20,0.2344687102265159
2026-04-21,-0.252957219519577
2026-04-22,0.0427601750296316
2026-04-23,0.5863482595473182
2026-04-24,-0.5035519872051414
2026-04-28,-0.2030940925688091
2026-04-29,0.1297162174455327
2026-05-04,0.3881029285127521
2026-05-05,-0.05346873363490278
2026-05-06,0.24716766083578703
2026-05-07,0.24165389322874842
2026-05-08,0.3970427804804287
2026-05-11,-0.6016724378843418
2026-05-12,-0.35754320516008165
2026-05-13,0.27663514005972945
2026-05-14,0.38669326652215846
2026-05-15,-0.15077429000906706
2026-05-18,0.49631113974562946
2026-05-19,-0.5080010997964155
2026-05-20,-0.6048903883193587
2026-05-21,-0.27370986691510374
2026-05-22,-0.17250833885011557
2026-05-25,-0.015364782632998732
2026-05-26,0.4377162947527988
2026-05-27,0.09426508328434444
2026-05-28,-0.5006494096536971
2026-05-29,-0.062075571321601325
2026-06-01,-0.26899900091923645
2026-06-02,-0.7126287122220358
2026-06-03,0.07992435137113536
2026-06-04,0.12869318921488251
2026-06-05,-0.2065081842355748
2026-06-08,-0.6586078601758435
2026-06-09,0.13125075979149037
2026-06-10,0.08001959763524322
2026-06-11,-0.15603829690537033
2026-06-12,0.040922252493952094
2026-06-15,0.2881445552978792
2026-06-16,-0.006121550475614501
2026-06-17,0.5957996256303022
2026-06-18,-0.3544501350804148
2026-06-19,-0.2018093109335726
2026-06-22,0.08241066107136578
2026-06-23,0.13767466796767322
2026-06-24,-0.10650818423557339
2026-06-25,-0.4077513390856858
2026-06-26,0.0851883582674457
2026-06-29,0.28408207646655553
2026-06-30,0.04477659739966886
2026-07-01,0.4462278861753824
2026-07-02,-0.15483676884037648
2026-07-03,-0.10279071237909301
2026-07-06,-0.013140226337361649
2026-07-07,0.08861444262807652
2026-07-08,0.24126725946879102
2026-07-09,-0.4556516631454171
2026-07-10,-0.3589528671506753
2026-07-13,-1.1206704163144319
2026-07-14,-0.02529802874005501
